id,region,name,majors_in_icis_npdes,non_majors_in_icis_npdes,major_pollutant_loadings,non_major_pollutant_loadings,major_pollutant_loadings_percentage,non_majors_pollutant_loadings,major_pollutants_pounds,non_major_total_pollutants_pounds,major_toxic_weighted_pounds,non_major_toxic_weighted_pounds,date,
0,4,Alabama,181,1426,181,1133,100,79,1657783857,726471675,759397,4658233,1/1/07,
1,10,Alaska,42,40,33,18,79,45,130092732,31035863,58518,21165,1/1/07,
2,9,American Samoa,4,3,4,2,100,67,4447989,1250397,166,123,1/1/07,
3,9,Arizona,63,94,62,59,98,63,256230227,12079749,852791,5378,1/1/07,
4,6,Arkansas,115,690,114,689,99,100,455873624,44373663,200353,18787,1/1/07,
5,9,California,265,417,231,148,87,35,3862072127,10916719,3693918209,40223,1/1/07,
6,8,Colorado,121,345,115,226,95,66,418135339,108678323,299028,4035,1/1/07,
7,1,Connecticut,99,84,98,79,99,94,82359787,117422083,1111868,14097,1/1/07,
8,3,Delaware,17,39,16,33,94,85,199173529,21138413,309848,115475,1/1/07,
9,3,District Of Columbia,4,10,4,8,100,80,22285062,59720,56625,274,1/1/07,
10,4,Florida,220,269,189,224,86,83,8585493190,157084062,2356605,16813,1/1/07,
11,4,Georgia,206,876,196,542,95,62,280864879,219596,209637,264,1/1/07,
12,9,Guam,6,13,5,7,83,54,8219537,0,262,0,1/1/07,
13,6,Gulf Of Mexico,,3,,3,,100,,0,,0,1/1/07,
14,4,Gulf Of Mexico East,,5,,0,,0,,,,,1/1/07,
15,9,Hawaii,20,111,18,20,90,18,5221394996,9728756,165642,498,1/1/07,
16,10,Idaho,37,144,36,133,97,92,53562594,2056996227,31637,101910,1/1/07,
17,5,Illinois,272,1387,270,1251,99,90,307064402,1059640423,255244,214157,1/1/07,
18,5,Indiana,198,1392,196,1361,99,98,2166882074,795209926,58360380,320662,1/1/07,
19,7,Iowa,139,1215,133,975,96,80,21647518,33179316,48964,2850,1/1/07,
20,7,Kansas,23,338,20,46,87,14,38576243,7410631,115297,33988,1/1/07,
21,4,Kentucky,138,1517,137,1377,99,91,374272225,636901690,1026071,262425,1/1/07,
22,6,Louisiana,242,1044,232,276,96,26,1996050140,12671929,4278419659,11427,1/1/07,
23,1,Maine,76,338,72,221,95,65,87423484,9115392037,28904,2299108,1/1/07,
24,9,Mariana Islands,2,1,2,0,100,0,0,,0,,1/1/07,
25,3,Maryland,97,636,89,574,92,90,47602846,115607826,4975051,52872,1/1/07,
26,1,Massachusetts,129,167,125,136,97,81,365760792,16911528,273402,36274,1/1/07,
27,5,Michigan,191,660,187,526,98,80,728416538,235099447,371032,1363766,1/1/07,
28,5,Minnesota,98,551,91,251,93,46,138639025,363320,2107964,31,1/1/07,
29,4,Mississippi,85,1180,85,1150,100,97,47856061,1500950230,68175,914757,1/1/07,
30,7,Missouri,173,2715,165,2434,95,90,330502790,677503735,19562031,2556339,1/1/07,
31,8,Montana,33,175,31,157,94,90,103687150,1138661613,15727,102433,1/1/07,
32,7,Nebraska,54,637,54,569,100,89,132616219,1637750056,25096,10545670,1/1/07,
33,9,Nevada,15,81,12,5,80,6,655710724,0,19368,0,1/1/07,
34,1,New Hampshire,51,45,50,33,98,73,55381393,418691,5848956,936,1/1/07,
35,2,New Jersey,43,30,38,27,88,90,0,0,0,0,1/1/07,
36,6,New Mexico,37,109,36,103,97,94,31457215,1040557,13232,1280,1/1/07,
37,2,New York,332,1291,330,1109,99,86,612860933,201014469,1629401,126319,1/1/07,
38,4,North Carolina,213,888,204,821,96,92,1.52369E+11,509020438,6092144348,75602,1/1/07,
39,8,North Dakota,25,12,25,4,100,33,41229229,21412,19562,0,1/1/07,
40,5,Ohio,277,2750,276,2660,100,97,16224941024,13999026078,2813081,275031,1/1/07,
41,6,Oklahoma,103,361,103,356,100,99,183652128,223422090,69861,143861,1/1/07,
42,10,Oregon,69,271,66,174,96,64,94443107,28243,229347,460,1/1/07,
43,3,Pennsylvania,400,4525,383,550,96,12,1633517343,28556971,27261078,21184,1/1/07,
44,2,Puerto Rico,85,164,85,161,100,98,3546337508,80885169,1156879,65160,1/1/07,
45,1,Rhode Island,25,77,25,71,100,92,34624882,165645076,163501,487738,1/1/07,
46,4,South Carolina,167,294,164,285,98,97,116453422,3797175,484771,7276,1/1/07,
47,8,South Dakota,23,352,23,294,100,84,21380663,184363775,7797,6394,1/1/07,
48,4,Tennessee,157,1078,147,639,94,59,499248449,68389556,274707,284555,1/1/07,
49,6,Texas,708,2226,693,2132,98,96,832269898,4000361141,1417775,7471935,1/1/07,
50,8,Utah,38,119,38,83,100,70,382980436,313474849,649396,4031,1/1/07,
51,1,Vermont,33,87,33,52,100,60,10375577,0,23246,0,1/1/07,
52,2,Virgin Islands,7,54,7,46,100,85,45498672,28635082,3361,3770,1/1/07,
53,3,Virginia,123,377,81,89,66,24,660255106,2517724,40574,1049,1/1/07,
54,10,Washington,44,225,30,138,68,61,5756206,9128882,11183,19264,1/1/07,
55,3,West Virginia,87,1159,87,1057,100,91,418402206,353829851,1456003,408704,1/1/07,
56,5,Wisconsin,131,818,131,427,100,52,125395207,93422,162337,45,1/1/07,
57,8,Wyoming,4,165,4,116,100,70,0,33108735,0,139012,1/1/07,
0,4,Alabama,182,1483,182,1097,100,74,1565326791,439534068,480615,3686306,1/1/08,
1,10,Alaska,42,40,32,19,76,48,117108086,9003950,97502,671,1/1/08,
2,9,American Samoa,4,3,4,2,100,67,12405094,2385776,247,206,1/1/08,
3,9,Arizona,66,107,64,79,97,74,272917502,12631393,2172763,1563,1/1/08,
4,6,Arkansas,116,692,115,691,99,100,501362042,38324365,248612,12075,1/1/08,
5,9,California,273,421,236,201,86,48,4021250919,2995869,15509308,39881,1/1/08,
6,8,Colorado,123,389,117,226,95,58,522779661,2005824086,125341,14880,1/1/08,
7,1,Connecticut,99,82,99,78,100,95,97884933,93906064,1043024,10392,1/1/08,
8,3,Delaware,17,41,16,34,94,83,201237395,42377923,322374,841258,1/1/08,
9,3,District Of Columbia,4,9,4,7,100,78,27157818,104273,65431,370,1/1/08,
10,4,Florida,222,281,190,234,86,83,3815002964,93617017,902619,26051,1/1/08,
11,4,Georgia,208,865,201,584,97,68,183084879,57979628,1084829571,11293,1/1/08,
12,9,Guam,6,13,5,6,83,46,6132274,0,2364,0,1/1/08,
13,6,Gulf Of Mexico,,3,,3,,100,,0,,0,1/1/08,
14,4,Gulf Of Mexico East,,5,,0,,0,,,,,1/1/08,
15,9,Hawaii,20,110,18,22,90,20,60595341,25615991,96568,3827,1/1/08,
16,10,Idaho,37,137,36,126,97,92,58471386,2968237,33537,7637,1/1/08,
17,5,Illinois,272,1418,270,1296,99,91,427276543,2257693228,4802417,209296,1/1/08,
18,5,Indiana,197,1388,196,1357,99,98,2123362920,236855934,499997,302981,1/1/08,
19,7,Iowa,139,1274,132,1004,95,79,33961420,43247493,83399,4228,1/1/08,
20,7,Kansas,50,580,46,143,92,25,190230663,6053000,126015,18528,1/1/08,
21,4,Kentucky,139,1550,138,1412,99,91,331354070,689909348,169600,559179,1/1/08,
22,6,Louisiana,242,1196,233,308,96,26,5843332358,12031889,2.19955E+12,17260,1/1/08,
23,1,Maine,76,346,72,227,95,66,88514297,4631666,36575,3571,1/1/08,
24,9,Mariana Islands,2,2,2,1,100,50,333944,344,497,0,1/1/08,
25,3,Maryland,99,553,87,509,88,92,48828131,63298451,2033664,39080,1/1/08,
26,1,Massachusetts,129,161,125,133,97,83,195741001,45156935,211861,2543914,1/1/08,
27,5,Michigan,192,664,187,521,97,78,852031418,459343609,566646,495749,1/1/08,
28,5,Minnesota,101,588,94,253,93,43,144662181,540309,2716593,181,1/1/08,
29,4,Mississippi,87,1230,87,1196,100,97,48133270,85899309,83055,4404827,1/1/08,
30,7,Missouri,177,2851,170,2516,96,88,348796506,1307275871,604991240,18547610,1/1/08,
31,8,Montana,33,171,31,157,94,92,111044692,143298137,15127,21998,1/1/08,
32,7,Nebraska,54,662,54,578,100,87,86972151,3166890207,31838,90056,1/1/08,
33,9,Nevada,14,76,11,7,79,9,667500215,0,77398,0,1/1/08,
34,1,New Hampshire,51,45,50,34,98,76,94995735,509025,31043397,5652,1/1/08,
35,2,New Jersey,69,38,63,35,91,92,0,0,0,0,1/1/08,
36,6,New Mexico,38,108,37,104,97,96,33744379,10287090,5648489,9753,1/1/08,
37,2,New York,332,1286,330,1101,99,86,747005608,166609645,1420632,75651,1/1/08,
38,4,North Carolina,219,978,208,883,95,90,87625911380,171738374,3501394726,308398,1/1/08,
39,8,North Dakota,25,31,25,6,100,19,68343275,21506,17811,14,1/1/08,
40,5,Ohio,289,2866,287,2770,99,97,2640289782,15267200729,2427768,15865039,1/1/08,
41,6,Oklahoma,103,363,103,361,100,99,158386038,280903252,51404,37112,1/1/08,
42,10,Oregon,69,275,65,171,94,62,94343060,46905,225041,518,1/1/08,
43,3,Pennsylvania,400,4456,385,559,96,13,3111936237,78453359,75968349,57500,1/1/08,
44,2,Puerto Rico,87,171,87,166,100,97,2643126224,157575743,1915585,91899,1/1/08,
45,1,Rhode Island,25,83,25,72,100,87,29907995,2369972,78345,11301,1/1/08,
46,4,South Carolina,168,296,163,287,97,97,134262562,5031826,197195,39529,1/1/08,
47,8,South Dakota,23,339,23,294,100,87,15287122,627171037,6321,41067,1/1/08,
48,4,Tennessee,161,1130,157,633,98,56,1150982501,395121423,128357495,363000,1/1/08,
49,6,Texas,716,2249,704,2145,98,95,799376651,3923838960,2999482,2155138,1/1/08,
50,8,Utah,38,131,38,86,100,66,334210498,325166895,3147518,34848,1/1/08,
51,1,Vermont,34,99,34,62,100,63,18627356,0,16855,0,1/1/08,
52,2,Virgin Islands,7,57,7,52,100,91,50149163,17605567,6611,4418,1/1/08,
53,3,Virginia,132,512,97,104,73,20,415775918,1773500,22177,2037,1/1/08,
54,10,Washington,60,273,41,164,68,60,6665883,4167975,12391,60085,1/1/08,
55,3,West Virginia,88,1268,88,1164,100,92,468143679,1708655076,1342251,1095766,1/1/08,
56,5,Wisconsin,131,863,131,434,100,50,122168107,116935,108623,42,1/1/08,
57,8,Wyoming,10,265,10,214,100,81,0,36749959,0,170465,1/1/08,
0,4,Alabama,183,1511,183,1022,100,68,1218744140,3566409232,1658992,9268858,1/1/09,
1,10,Alaska,42,38,32,21,76,55,73797031,7721495,63106,1168,1/1/09,
2,9,American Samoa,4,3,3,2,75,67,3482291,1546073,255,26,1/1/09,
3,9,Arizona,69,118,65,92,94,78,193650280,73327380,1200038,1898,1/1/09,
4,6,Arkansas,116,698,115,696,99,100,438394702,44551921,147834,24607,1/1/09,
5,9,California,275,389,238,222,87,57,4038250826,4228861,8933947,25589,1/1/09,
6,8,Colorado,124,372,118,230,95,62,455244528,104875868,179899,8386,1/1/09,
7,1,Connecticut,99,80,99,75,100,94,91005510,74608071,1073867,5582,1/1/09,
8,3,Delaware,17,39,16,34,94,87,223692738,1594505,281040,2537,1/1/09,
9,3,District Of Columbia,4,9,4,7,100,78,43012450,252875,43408,607,1/1/09,
10,4,Florida,223,293,190,247,85,84,7521916090,89369362,6955014,1387490,1/1/09,
11,4,Georgia,211,841,205,554,97,66,175082263,9110407,1160976,14617,1/1/09,
12,9,Guam,6,13,5,8,83,62,5455009,12263,419,0,1/1/09,
13,6,Gulf Of Mexico,,3,,3,,100,,0,,0,1/1/09,
14,9,Hawaii,20,120,18,27,90,23,355112443,1779850,92457,1853,1/1/09,
15,10,Idaho,39,145,38,123,97,85,59450329,2906450,23745,6596,1/1/09,
16,5,Illinois,274,1419,273,1300,100,92,10787844055,3983821230,1711079,649752,1/1/09,
17,5,Indiana,196,1379,195,1355,99,98,1904354807,182005832,411582,239543,1/1/09,
18,7,Iowa,139,1327,132,1010,95,76,20226567,62958258,47641,189384,1/1/09,
19,7,Kansas,56,893,52,281,93,31,387344033,8397255,149462,239,1/1/09,
20,4,Kentucky,141,1573,139,1436,99,91,362770877,685112602,118040,862902,1/1/09,
21,6,Louisiana,241,1294,234,340,97,26,2321929238,10714342,3479786,16586,1/1/09,
22,1,Maine,76,391,72,238,95,61,82456726,4036091,27875,3431,1/1/09,
23,9,Mariana Islands,2,2,2,1,100,50,895788,141,555,0,1/1/09,
24,3,Maryland,96,864,83,496,86,57,48104282,62398671,355419,43606,1/1/09,
25,1,Massachusetts,128,159,124,132,97,83,144947023,18196820,254408,121371,1/1/09,
26,5,Michigan,195,633,190,523,97,83,831259856,230320716,13741565,298963,1/1/09,
27,5,Minnesota,103,631,96,252,93,40,147863107,1004446,2536758,126,1/1/09,
28,4,Mississippi,95,1260,94,1210,99,96,52170004,370257112,68156,18605,1/1/09,
29,7,Missouri,178,2973,173,2609,97,88,342823525,1993718452,37133446,7318332,1/1/09,
30,8,Montana,33,168,31,157,94,93,123586587,67243513,45510,88959,1/1/09,
31,7,Nebraska,54,682,54,591,100,87,76567686,1930445868,94158,20779946,1/1/09,
32,9,Nevada,13,83,10,21,77,25,626229328,0,15281,0,1/1/09,
33,1,New Hampshire,51,47,50,36,98,77,19561443,936018,26231,996,1/1/09,
34,2,New Jersey,99,52,91,47,92,90,0,0,0,0,1/1/09,
35,6,New Mexico,38,114,37,109,97,96,32712872,13723272,8797,5658,1/1/09,
36,2,New York,332,1274,329,1084,99,85,1080343539,283447946,1765974,157278,1/1/09,
37,4,North Carolina,221,1076,213,912,96,85,1.05762E+11,114454973,4225501820,148440,1/1/09,
38,8,North Dakota,25,42,25,8,100,19,77225212,0,21363,0,1/1/09,
39,5,Ohio,295,2969,295,2873,100,97,2390157149,5647323415,1082104,3330119,1/1/09,
40,6,Oklahoma,103,371,103,370,100,100,178547539,406438546,57970,15234,1/1/09,
41,10,Oregon,69,284,66,169,96,60,89146814,38845,193836,485,1/1/09,
42,3,Pennsylvania,400,4271,384,560,96,13,1944700890,72718700,1476858,131337,1/1/09,
43,2,Puerto Rico,86,172,86,170,100,99,1608375558,103571374,40557966525,644858,1/1/09,
44,1,Rhode Island,25,81,25,73,100,90,26711162,816597,36900,8808,1/1/09,
45,4,South Carolina,168,299,162,289,96,97,450337727,5979027,237648,85611,1/1/09,
46,8,South Dakota,23,328,23,282,100,86,11929324,574038594,5814,16591,1/1/09,
47,4,Tennessee,162,1147,159,603,98,53,865760814,597172741,136451576,290365,1/1/09,
48,6,Texas,720,2254,711,2144,99,95,763206820,5490428680,1221294,1524645,1/1/09,
49,8,Utah,39,133,38,87,97,65,420631320,469231864,3283716,60622,1/1/09,
50,1,Vermont,34,118,34,82,100,69,22963947,15553,15053,6,1/1/09,
51,2,Virgin Islands,7,61,7,58,100,95,49785751,62746501,6267,16969,1/1/09,
52,3,Virginia,135,626,98,120,73,19,403188144,7002126,80704,3877,1/1/09,
53,10,Washington,68,325,49,198,72,61,102083753,5411126,61473,57131,1/1/09,
54,3,West Virginia,88,1308,88,1207,100,92,614449111,6551313883,19794659,1053103,1/1/09,
55,5,Wisconsin,131,890,131,438,100,49,109876929,100670,49033,33,1/1/09,
56,8,Wyoming,15,495,15,441,100,89,4954667,430065221,813,95403724,1/1/09,
0,4,Alabama,183,1499,183,933,100,62,1624473226,1254224693,620806,2235117,1/1/10,
1,10,Alaska,42,39,32,21,76,54,65108275,28380025,46832,370,1/1/10,
2,9,American Samoa,4,3,4,1,100,33,3418922,0,249,0,1/1/10,
3,9,Arizona,73,119,69,101,95,85,2.87572E+11,90701860,2106715,41507,1/1/10,
4,6,Arkansas,115,705,114,700,99,99,479202996,42202877,94352,176139,1/1/10,
5,9,California,266,367,237,246,89,67,4004328933,2710973,14946613189,1844,1/1/10,
6,8,Colorado,125,382,119,233,95,61,434290489,136402520,76850,18020,1/1/10,
7,1,Connecticut,97,79,97,74,100,94,116186651,111985751,1205911,12607,1/1/10,
8,3,Delaware,17,38,16,34,94,89,201415272,9734761,265814,2373,1/1/10,
9,3,District Of Columbia,4,7,4,5,100,71,28980508,462769,128428,199,1/1/10,
10,4,Florida,223,301,191,257,86,85,599160924,190974585,6789391,1739436,1/1/10,
11,4,Georgia,211,797,206,536,98,67,218644492,27576790,4849950,11670,1/1/10,
12,9,Guam,5,14,5,10,100,71,5107655,59722,1482,228,1/1/10,
13,6,Gulf Of Mexico,,3,,2,,67,,0,,0,1/1/10,
14,4,Gulf Of Mexico East,,1,,0,,0,,,,,1/1/10,
15,9,Hawaii,20,127,18,30,90,24,1603558202,180324058,73431,2027,1/1/10,
16,10,Idaho,39,143,38,121,97,85,56375920,2610348,38396,4540,1/1/10,
17,5,Illinois,274,1421,273,1280,100,90,448319170,7584820426,5624036,609110,1/1/10,
18,5,Indiana,196,1350,195,1323,99,98,1663970278,123325997,193360,41789,1/1/10,
19,7,Iowa,142,1368,132,1022,93,75,21436481,44883624,19845,5044,1/1/10,
20,7,Kansas,57,1178,54,411,95,35,215040716,60078685,136454,1969,1/1/10,
21,4,Kentucky,141,1623,139,1502,99,93,396579019,896358947,123604,553531,1/1/10,
22,6,Louisiana,243,1318,235,411,97,31,3.22609E+13,11323832,1415232,55882,1/1/10,
23,1,Maine,76,381,72,217,95,57,86750639,3003714,40243,338845,1/1/10,
24,9,Mariana Islands,2,2,2,1,100,50,892386,210,235,0,1/1/10,
25,3,Maryland,97,872,85,468,88,54,50871190,158538750,621581,513963,1/1/10,
26,1,Massachusetts,127,156,123,130,97,83,267641999,29503383,24241552,29284,1/1/10,
27,5,Michigan,199,605,194,522,97,86,909926031,131680998,4949422,238850,1/1/10,
28,5,Minnesota,104,670,98,248,94,37,664972745,4177326,2388633,51,1/1/10,
29,4,Mississippi,95,1277,95,1218,100,95,64346222,567663061,87279,38117,1/1/10,
30,7,Missouri,179,3016,175,2556,98,85,3546712584,1374478390,573271262,5050938,1/1/10,
31,8,Montana,33,170,31,159,94,94,133422740,202053381,18436,7691,1/1/10,
32,7,Nebraska,53,695,53,593,100,85,81115251,1057985378,27193,1087490,1/1/10,
33,9,Nevada,14,96,11,44,79,46,600131949,0,468373,0,1/1/10,
34,1,New Hampshire,51,46,49,35,96,76,19644761,7528194,28096,1241,1/1/10,
35,2,New Jersey,128,64,119,46,93,72,0,0,0,0,1/1/10,
36,6,New Mexico,38,111,37,106,97,95,42475681,14414513,9037,33871,1/1/10,
37,2,New York,330,1270,327,1089,99,86,807117803,349909362,4130761,90288,1/1/10,
38,4,North Carolina,227,1139,219,922,96,81,82776956729,100258470,3304508879,32230,1/1/10,
39,8,North Dakota,25,51,25,8,100,16,58476148,0,221557,0,1/1/10,
40,5,Ohio,295,3055,295,2953,100,97,2657561477,1398532869,716833,219061,1/1/10,
41,6,Oklahoma,104,378,104,375,100,99,189176748,351799091,52033,6945,1/1/10,
42,10,Oregon,70,291,66,171,94,59,73445168,39209,222549,489,1/1/10,
43,3,Pennsylvania,403,4100,392,564,97,14,1547609123,58627658,2242523,73444,1/1/10,
44,2,Puerto Rico,85,174,85,172,100,99,2541762671,42872912,389301,834910,1/1/10,
45,1,Rhode Island,25,67,25,62,100,93,31289317,47716267,86396,16170,1/1/10,
46,4,South Carolina,169,301,162,291,96,97,403098974,12281133,171560,4311,1/1/10,
47,8,South Dakota,23,312,23,274,100,88,12574298,61106346,5917,4345,1/1/10,
48,4,Tennessee,163,1123,161,559,99,50,1128048381,759286675,708865,256620,1/1/10,
49,6,Texas,721,2255,711,2117,99,94,942108536,3556128220,1479258,864498,1/1/10,
50,8,Utah,39,135,38,89,97,66,365713302,276703829,5123563,27897,1/1/10,
51,1,Vermont,34,124,34,91,100,73,30370157,526842,14443,3,1/1/10,
52,2,Virgin Islands,7,63,7,60,100,95,49153996,71585809,1656,116886,1/1/10,
53,3,Virginia,141,723,114,137,81,19,627068704,1337921,32270,3601,1/1/10,
54,10,Washington,73,373,53,233,73,62,52709806,5623686,92454,80038,1/1/10,
55,3,West Virginia,88,1331,88,1235,100,93,1007863693,1551445889,226890511,443651,1/1/10,
56,5,Wisconsin,131,916,131,444,100,48,156370800,21957859,69770,174,1/1/10,
57,8,Wyoming,17,624,17,567,100,91,4952872,642495882,2845,91617495,1/1/10,
0,4,Alabama,183,1501,183,919,100,61,911297175,767589288,449179,605950,1/1/11,
1,10,Alaska,43,36,33,21,77,58,78623116,14031982,39215,268,1/1/11,
2,9,American Samoa,4,2,4,1,100,50,3375687,0,242,0,1/1/11,
3,9,Arizona,79,126,71,109,90,87,1.08038E+11,436454401,314184,406414,1/1/11,
4,6,Arkansas,116,714,115,709,99,99,490139861,59655919,240528,18381,1/1/11,
5,9,California,264,332,237,246,90,74,3411790738,2586305,47141885766,3215,1/1/11,
6,8,Colorado,127,457,121,249,95,54,441325342,120297198,83095,34732,1/1/11,
7,1,Connecticut,96,79,96,76,100,96,35967982,79571144,461195,16981,1/1/11,
8,3,Delaware,17,37,16,32,94,86,125276912,320590,308893,2446,1/1/11,
9,3,District Of Columbia,4,7,4,5,100,71,17841953,64310,56704,129,1/1/11,
10,4,Florida,294,314,193,266,66,85,9100113012,2691544266,1053141,377490,1/1/11,
11,4,Georgia,206,779,201,517,98,66,196506612,21439301,82571119466,12836,1/1/11,
12,9,Guam,5,13,5,12,100,92,6599040,1259933,11975,35,1/1/11,
13,6,Gulf Of Mexico,,3,,2,,67,,0,,0,1/1/11,
14,4,Gulf Of Mexico East,,1,,0,,0,,,,,1/1/11,
15,9,Hawaii,19,118,17,34,89,29,54657873,48391592,72329,2627,1/1/11,
16,10,Idaho,39,139,38,122,97,88,56024188,3634017,78170,4286,1/1/11,
17,5,Illinois,273,1355,273,1254,100,93,1393341551,9037690700,2922269,510725,1/1/11,
18,5,Indiana,197,1342,195,1319,99,98,2249648928,101742315,574124,72180,1/1/11,
19,7,Iowa,142,1441,131,1033,92,72,11482398,48440108,7800,2383,1/1/11,
20,7,Kansas,58,1530,55,500,95,33,200203784,74587404,4149260,5463,1/1/11,
21,4,Kentucky,142,1667,140,1551,99,93,391772703,587795773,823678,1352498,1/1/11,
22,6,Louisiana,241,1263,234,501,97,40,2490169782,12027705,968922,135485,1/1/11,
23,1,Maine,76,376,72,209,95,56,88402560,7023559,21134,687506,1/1/11,
24,9,Mariana Islands,2,4,2,3,100,75,627081,55621404,342,0,1/1/11,
25,3,Maryland,97,872,83,473,86,54,126720618,137509957,432843,47689,1/1/11,
26,1,Massachusetts,127,135,123,118,97,87,144500589,132032487,558311,140905,1/1/11,
27,5,Michigan,199,504,193,428,97,85,984927416,91726821,1484545,335870,1/1/11,
28,5,Minnesota,104,658,99,222,95,34,846723368,4982885,2821144,761,1/1/11,
29,4,Mississippi,95,1287,95,1221,100,95,53759855,1020507464,60112,24285,1/1/11,
30,7,Missouri,179,3019,175,2578,98,85,383359283,5815805918,7381402,46810794,1/1/11,
31,8,Montana,33,169,31,161,94,95,162721336,90762821,20793,32212,1/1/11,
32,7,Nebraska,53,695,53,600,100,86,90048990,1413632582,530378,25474,1/1/11,
33,9,Nevada,14,114,11,61,79,54,589601762,0,6989,0,1/1/11,
34,1,New Hampshire,49,38,48,36,98,95,17776898,1673797,34680,1180,1/1/11,
35,2,New Jersey,135,78,135,60,100,77,327120282,148409,257364,269,1/1/11,
36,6,New Mexico,38,109,38,104,100,95,38812995,11659798,10828,61316,1/1/11,
37,2,New York,327,1260,324,1083,99,86,966769687,319022447,1592934,139843,1/1/11,
38,4,North Carolina,228,1257,219,930,96,74,81405216089,49166931,3250247922,10488,1/1/11,
39,8,North Dakota,25,79,25,25,100,32,80284889,0,140536,0,1/1/11,
40,5,Ohio,295,3113,295,2983,100,96,3746116747,1917300853,1073725,134001,1/1/11,
41,6,Oklahoma,104,388,104,385,100,99,221982587,293557535,38512,10061,1/1/11,
42,10,Oregon,74,296,66,176,89,59,81077517,28410,74215,498,1/1/11,
43,3,Pennsylvania,406,4074,396,608,98,15,1741950322,85745345,223890844,131374,1/1/11,
44,2,Puerto Rico,86,173,86,170,100,98,1355619881,131094594,334159,567283,1/1/11,
45,1,Rhode Island,25,67,25,60,100,90,25652774,19413006,113928,9537,1/1/11,
46,4,South Carolina,171,303,163,292,95,96,91980923,4491871,148595,3729,1/1/11,
47,8,South Dakota,23,290,23,270,100,93,16093561,42157672,6018,1017,1/1/11,
48,4,Tennessee,163,1097,160,572,98,52,922449056,476152591,5064445,169092,1/1/11,
49,6,Texas,721,2250,705,2067,98,92,788586983,4700070518,1140632,1551306,1/1/11,
50,8,Utah,41,138,40,90,98,65,475057048,295337129,2335508,6795,1/1/11,
51,1,Vermont,34,141,34,118,100,84,19821697,1071358,18574,2615,1/1/11,
52,2,Virgin Islands,7,63,7,59,100,94,41394845,29338310,1751,762,1/1/11,
53,3,Virginia,144,819,126,174,88,21,824349877,623567,18390,2301,1/1/11,
54,10,Washington,77,388,58,248,75,64,51068121,8549581,106539,24289,1/1/11,
55,3,West Virginia,89,1397,89,1280,100,92,1055429609,1046613217,1551171,7214399241,1/1/11,
56,5,Wisconsin,131,936,131,444,100,47,168036607,104790,56475,33,1/1/11,
57,8,Wyoming,22,771,22,699,100,91,17076822,3333497145,3285,1782383,1/1/11,
0,4,Alabama,183,1501,183,923,100,61,1108025442,2174491467,229365,606408,1/1/12,
1,10,Alaska,42,35,34,22,81,63,82631313,25586203,37882,1755,1/1/12,
2,9,American Samoa,4,2,4,1,100,50,4464265,0,389,0,1/1/12,
3,9,Arizona,80,129,72,115,90,89,1294972029,72997084,209946,56651,1/1/12,
4,6,Arkansas,117,712,116,711,99,100,455184277,29029940,79632,7459,1/1/12,
5,9,California,263,317,235,240,89,76,3439785637,3323086,507039046,153,1/1/12,
6,8,Colorado,127,453,121,257,95,57,265223950,104710453,49304,95354,1/1/12,
7,1,Connecticut,95,77,95,75,100,97,30743410,103254189,910820,8299,1/1/12,
8,3,Delaware,18,34,17,30,94,88,95784165,546382,283603,2288,1/1/12,
9,3,District Of Columbia,4,7,4,5,100,71,10993444,6088,8498,1,1/1/12,
10,4,Florida,292,317,189,272,65,86,2667498848,258848325,1035105,41798,1/1/12,
11,4,Georgia,203,651,199,503,98,77,167149737,135131713,391757331,514637,1/1/12,
12,9,Guam,5,13,5,13,100,100,11681070,109936,517,2833,1/1/12,
13,6,Gulf Of Mexico,,3,,2,,67,,0,,0,1/1/12,
14,4,Gulf Of Mexico East,,1,,0,,0,,,,,1/1/12,
15,9,Hawaii,19,123,17,34,89,28,55254400,4445729,104424,956,1/1/12,
16,10,Idaho,39,139,38,122,97,88,81639013,11680594,65516,7234,1/1/12,
17,5,Illinois,273,1345,273,1249,100,93,371759822,3063408968,3795689,268171,1/1/12,
18,5,Indiana,196,1411,195,1284,99,91,2109810157,95345948,1133247,61382,1/1/12,
19,7,Iowa,142,1498,130,1048,92,70,10741164,100575268,15650,3260,1/1/12,
20,7,Kansas,61,1743,58,629,95,36,205579570,56273457,5550964,5208,1/1/12,
21,4,Kentucky,143,1703,141,1606,99,94,320824072,237936424,203709,104820,1/1/12,
22,6,Louisiana,242,1207,235,574,97,48,5280727888,9590952,985769,70270,1/1/12,
23,1,Maine,76,384,72,212,95,55,88760766,5155085,20949,360642,1/1/12,
24,9,Mariana Islands,2,4,2,3,100,75,357185,121191094,232,0,1/1/12,
25,3,Maryland,97,834,83,473,86,57,40934728,54773868,219331,200517,1/1/12,
26,1,Massachusetts,127,128,123,114,97,89,168079680,10027374,368759,26512,1/1/12,
27,5,Michigan,202,498,196,425,97,85,938468827,84368410,491341,57677,1/1/12,
28,5,Minnesota,104,683,99,217,95,32,2335185752,5950192,2141666,22395,1/1/12,
29,4,Mississippi,95,1292,95,1223,100,95,62772263,686152669,69122,28649,1/1/12,
30,7,Missouri,179,3015,175,2569,98,85,296604034,3313678378,619548,19139144,1/1/12,
31,8,Montana,34,167,33,160,97,96,140914358,23163184,15098,2398,1/1/12,
32,7,Nebraska,52,685,52,595,100,87,85066887,1760703417,31570,492845,1/1/12,
33,9,Nevada,14,114,11,77,79,68,629212181,0,8109,0,1/1/12,
34,1,New Hampshire,49,38,48,36,98,95,21297033,357040,528531,835,1/1/12,
35,2,New Jersey,135,87,135,64,100,74,282802828,126493,190646,164,1/1/12,
36,6,New Mexico,37,109,37,105,100,96,30136315,15688780,9198,66144,1/1/12,
37,2,New York,325,1258,323,1078,99,86,1085476542,167328851,1609442,49055,1/1/12,
38,4,North Carolina,228,1278,220,947,96,74,314793242,202209439,463497,205195,1/1/12,
39,8,North Dakota,25,97,25,40,100,41,61376433,0,17535,0,1/1/12,
40,5,Ohio,295,3154,295,3016,100,96,3653342372,9632107295,1331060,857343389,1/1/12,
41,6,Oklahoma,104,398,104,394,100,99,278184706,320670402,57741,6896,1/1/12,
42,10,Oregon,74,301,66,180,89,60,53597739,31099,34067,508,1/1/12,
43,3,Pennsylvania,407,4097,397,780,98,19,2196763000,87332897,18704345,93574,1/1/12,
44,2,Puerto Rico,85,175,85,171,100,98,2476244432,149236958,287965,84310,1/1/12,
45,1,Rhode Island,24,61,24,57,100,93,19060982,8150686,43292,2882,1/1/12,
46,4,South Carolina,171,300,160,290,94,97,77900813,6244806,1247716,63631,1/1/12,
47,8,South Dakota,23,277,23,256,100,92,14003021,18147609,3495,564,1/1/12,
48,4,Tennessee,162,1065,159,586,98,55,1059388355,429323690,855264,360091,1/1/12,
49,6,Texas,723,2218,699,1994,97,90,859122077,8196988682,1155617,667531,1/1/12,
50,8,Utah,41,139,40,92,98,66,484609407,118416658,1170521,59330,1/1/12,
51,1,Vermont,34,154,34,132,100,86,8961731,1591042,12288,2270,1/1/12,
52,2,Virgin Islands,7,60,7,57,100,95,40130253,27395241,1697,268210,1/1/12,
53,3,Virginia,149,903,136,304,91,34,1329390335,765088,72573,1534,1/1/12,
54,10,Washington,77,392,60,246,78,63,58761703,9359271,76025,62729,1/1/12,
55,3,West Virginia,90,1525,89,1385,99,91,1641279838,2385172695,17414644,317052,1/1/12,
56,5,Wisconsin,131,973,130,463,99,48,151344802,184626,49245,1064,1/1/12,
57,8,Wyoming,24,964,24,871,100,90,14761634,10624039657,2218,2395298,1/1/12,
0,4,Alabama,181,1411,181,892,100,63,942100022,796620618,331389,1347707,1/1/13,
1,10,Alaska,42,35,34,24,81,69,85431386,12161110,43516,5964,1/1/13,
2,9,American Samoa,4,2,4,1,100,50,6856551,0,936,0,1/1/13,
3,9,Arizona,82,126,73,114,89,90,4707850723,142443549,227854,2920,1/1/13,
4,6,Arkansas,117,714,116,713,99,100,524158001,46920148,84602,7688,1/1/13,
5,9,California,262,294,237,225,90,77,10612033357,6272007,1009631260,3442,1/1/13,
6,8,Colorado,127,433,120,262,94,61,308800140,104908911,53565,11381,1/1/13,
7,1,Connecticut,93,79,93,76,100,96,37684459,72833429,415533,8904,1/1/13,
8,3,Delaware,18,34,17,30,94,88,103040916,447097,331542,2507,1/1/13,
9,3,District Of Columbia,4,7,4,5,100,71,10135445,18184,49251,31,1/1/13,
10,4,Florida,315,315,186,268,59,85,5142825913,1713536848,1029278,230898,1/1/13,
11,4,Georgia,203,638,200,493,99,77,195502193,10218487,2603396,97575,1/1/13,
12,9,Guam,5,14,5,14,100,100,30877902,9986055,1161,39397,1/1/13,
13,6,Gulf Of Mexico,,2,,1,,50,,0,,0,1/1/13,
14,4,Gulf Of Mexico East,,1,,0,,0,,,,,1/1/13,
15,9,Hawaii,19,280,18,40,95,14,56779595,23527225,94945,1026,1/1/13,
16,10,Idaho,39,139,38,122,97,88,79925453,8373289,129975,5526,1/1/13,
17,5,Illinois,272,1335,271,1235,100,93,372607635,848213212,988566,186897,1/1/13,
18,5,Indiana,197,2126,196,1270,99,60,2430401947,92335152,852921,46670,1/1/13,
19,7,Iowa,142,1515,130,1057,92,70,26894241,45376643,18102,10098,1/1/13,
20,7,Kansas,61,1360,58,668,95,49,186145818,228371847,6337481,684014,1/1/13,
21,4,Kentucky,141,1709,139,1576,99,92,366966294,218066840,3208029,306240,1/1/13,
22,6,Louisiana,240,1209,235,650,98,54,6618650803,24307586,1138178,15312,1/1/13,
23,1,Maine,76,375,72,204,95,54,79813325,3871727,28934,2488,1/1/13,
24,9,Mariana Islands,2,4,2,3,100,75,458247,396,247,0,1/1/13,
25,3,Maryland,96,813,83,464,86,57,43252936,109118022,62861,55296,1/1/13,
26,1,Massachusetts,126,122,122,108,97,89,127711182,1633084493,194316,18895,1/1/13,
27,5,Michigan,202,487,195,415,97,85,981769892,139862416,1.11867E+11,143801,1/1/13,
28,5,Minnesota,103,670,98,211,95,31,866928863,8296929,3831829,109,1/1/13,
29,4,Mississippi,95,1290,95,1214,100,94,59241507,422122912,77621,24923,1/1/13,
30,7,Missouri,180,2979,176,2549,98,86,459866067,5281746017,3258115,36846981,1/1/13,
31,8,Montana,35,166,35,159,100,96,118917596,57467540,13346,4625,1/1/13,
32,7,Nebraska,52,682,52,593,100,87,845367216,1577612585,35061,142679,1/1/13,
33,9,Nevada,14,109,11,87,79,80,635368560,97007,68816,0,1/1/13,
34,1,New Hampshire,49,35,48,34,98,97,76111727,3301878,26670,678,1/1/13,
35,2,New Jersey,134,101,134,71,100,70,278689926,145108,169553,64,1/1/13,
36,6,New Mexico,37,102,37,98,100,96,30989531,19009357,13556,54472,1/1/13,
37,2,New York,324,1255,322,1077,99,86,856641175,153083456,1421800,66404,1/1/13,
38,4,North Carolina,229,1288,220,947,96,74,178420186,247380873,179015,78191,1/1/13,
39,8,North Dakota,25,97,25,53,100,55,98846683,6698529,19421,3020,1/1/13,
40,5,Ohio,295,3142,295,3032,100,96,4538660756,3331645130,905883,190080435,1/1/13,
41,6,Oklahoma,104,392,103,386,99,98,220008289,429367466,46833,77446,1/1/13,
42,10,Oregon,74,303,66,178,89,59,42574572,30375,21490,609,1/1/13,
43,3,Pennsylvania,409,4229,398,1171,97,28,4589703139,491797418,76359307,113714,1/1/13,
44,2,Puerto Rico,84,174,84,167,100,96,3124341625,119595910,350124,23004,1/1/13,
45,1,Rhode Island,24,56,24,53,100,95,25558294,85749194,157021,3474,1/1/13,
46,4,South Carolina,172,299,161,287,94,96,83180686,5555964,326731,92116,1/1/13,
47,8,South Dakota,23,271,23,247,100,91,13334889,20131332,5512,8411,1/1/13,
48,4,Tennessee,164,1031,161,604,98,59,1469401311,307088126,1550368,136078,1/1/13,
49,6,Texas,723,2251,693,1980,96,88,866910041,7500700452,1084622,681215,1/1/13,
50,8,Utah,42,144,40,93,95,65,401815847,47418807,1502150,61497,1/1/13,
51,1,Vermont,34,170,34,132,100,78,14334826,1993451,12769,2496,1/1/13,
52,2,Virgin Islands,7,59,7,56,100,95,42513584,24816233,2673,590852,1/1/13,
53,3,Virginia,150,876,137,430,91,49,563312216,527555,77774,532,1/1/13,
54,10,Washington,77,391,61,245,79,63,376407968,15163803,67790,25306,1/1/13,
55,3,West Virginia,90,1718,89,1523,99,89,11978857879,2067395646,18937499,335670,1/1/13,
56,5,Wisconsin,131,1019,130,488,99,48,162154717,95051,43590,23,1/1/13,
57,8,Wyoming,24,1061,24,961,100,91,13056418,8584893638,14018,538671204,1/1/13,
0,4,Alabama,180,1379,180,867,100,63,1215132858,445162621,812707,952131,1/1/14,
1,10,Alaska,42,35,34,26,81,74,91630301,18450156,38973,33931,1/1/14,
2,9,American Samoa,4,2,4,1,100,50,7661327,0,2163,0,1/1/14,
3,9,Arizona,80,119,71,110,89,92,605808106,27049797,243814,6808,1/1/14,
4,6,Arkansas,115,700,114,699,99,100,503660741,38272466,116066,27327,1/1/14,
5,9,California,257,269,234,206,91,77,2883298029,4703874,4607146614,3206,1/1/14,
6,8,Colorado,126,431,119,264,94,61,478414164,86025263,58124,8606,1/1/14,
7,1,Connecticut,92,77,92,75,100,97,42975706,67601043,911686,6222,1/1/14,
8,3,Delaware,18,34,17,30,94,88,127149277,387283,282190,2347,1/1/14,
9,3,District Of Columbia,4,7,4,5,100,71,12538111,138467,4354,388,1/1/14,
10,4,Florida,319,309,184,266,58,86,4355829064,110669220,1023473,783184,1/1/14,
11,4,Georgia,202,621,199,482,99,78,204511254,13061490,502103,141160,1/1/14,
12,9,Guam,5,14,5,14,100,100,10687018,11892395,34836,224139,1/1/14,
13,6,Gulf Of Mexico,,2,,1,,50,,0,,0,1/1/14,
14,4,Gulf Of Mexico East,,1,,0,,0,,,,,1/1/14,
15,9,Hawaii,19,358,18,48,95,13,61565877,324749866,83528,12654,1/1/14,
16,10,Idaho,39,137,38,119,97,87,79922911,7594027,10313,3945,1/1/14,
17,5,Illinois,272,1291,271,1203,100,93,451472003,438646040,1068690,15581823,1/1/14,
18,5,Indiana,198,4111,197,1238,99,30,1667587300,122299690,785051,343221,1/1/14,
19,7,Iowa,143,1510,132,1108,92,73,41598029,25225581,33785,3342,1/1/14,
20,7,Kansas,62,1315,60,677,97,51,186523352,142571320,5642790,437023,1/1/14,
21,4,Kentucky,141,1692,139,1574,99,93,339242487,293214638,694630,98808,1/1/14,
22,6,Louisiana,239,1189,234,743,98,62,6137404317,11877721,1072166,19858,1/1/14,
23,1,Maine,76,366,72,194,95,53,82142075,2156248,47154,2913,1/1/14,
24,9,Mariana Islands,2,4,2,3,100,75,425620,320,123,0,1/1/14,
25,3,Maryland,96,798,83,450,86,56,75967217,58628198,3303423,22651,1/1/14,
26,1,Massachusetts,125,120,121,107,97,89,130275415,1504359177,309236,135108,1/1/14,
27,5,Michigan,202,490,195,419,97,86,953346605,174672409,3974043,559521,1/1/14,
28,5,Minnesota,102,662,98,207,96,31,1009060061,8908653,1964381,182,1/1/14,
29,4,Mississippi,95,1268,95,1191,100,94,70165377,289102816,84532,33055,1/1/14,
30,7,Missouri,180,2911,177,2537,98,87,285318615,7109784043,1262572,40296329,1/1/14,
31,8,Montana,35,165,35,156,100,95,145624836,33881363,11504,60458,1/1/14,
32,7,Nebraska,51,666,51,587,100,88,154955555,3131972250,62980972,755926,1/1/14,
33,9,Nevada,14,109,11,91,79,83,565196014,6216955,220966,4368,1/1/14,
34,1,New Hampshire,49,35,48,34,98,97,104185115,588683,23224,3008,1/1/14,
35,2,New Jersey,132,128,132,89,100,70,288230414,139985,184266,81,1/1/14,
36,6,New Mexico,37,103,37,101,100,98,26654309,9497452,12999,54134,1/1/14,
37,2,New York,322,1257,319,1071,99,85,725137606,304094960,1454233,138229,1/1/14,
38,4,North Carolina,227,1264,219,948,96,75,170396583,363284455,126427,36758,1/1/14,
39,8,North Dakota,25,99,25,63,100,64,78994776,4634953,354182,3305,1/1/14,
40,5,Ohio,295,3133,293,3034,99,97,4850184208,2730900669,444838,180458116,1/1/14,
41,6,Oklahoma,104,388,103,384,99,99,189955206,348229626,40233,17274,1/1/14,
42,10,Oregon,74,297,66,181,89,61,56225409,28937,24862,694,1/1/14,
43,3,Pennsylvania,408,4379,398,1579,98,36,2867702434,90573051,82039025,57084,1/1/14,
44,2,Puerto Rico,84,168,84,161,100,96,1645822040,3449347125,239851,54277,1/1/14,
45,1,Rhode Island,24,56,24,51,100,91,18746273,15600123,48426,3709,1/1/14,
46,4,South Carolina,169,285,158,274,93,96,87838449,5845262,105490,5709,1/1/14,
47,8,South Dakota,24,267,24,240,100,90,13358570,21110880,3957,842,1/1/14,
48,4,Tennessee,165,1025,162,630,98,61,1382004435,110388235,606737,55849,1/1/14,
49,6,Texas,730,2298,693,1957,95,85,1593203880,2406963029,1185997,1017914,1/1/14,
50,8,Utah,43,143,41,93,95,65,356593150,235699916,1473147,78414,1/1/14,
51,1,Vermont,34,176,34,133,100,76,13634560,1146701,12730,2473,1/1/14,
52,2,Virgin Islands,7,61,7,56,100,92,41101071,37481379,2453,440423,1/1/14,
53,3,Virginia,149,872,136,556,91,64,773159836,259346,106631,538,1/1/14,
54,10,Washington,77,387,64,245,83,63,72662139,7755308,68643,21283,1/1/14,
55,3,West Virginia,91,1821,89,1615,98,89,2539261024,739087303,648719,6262870,1/1/14,
56,5,Wisconsin,131,1055,130,518,99,49,169019307,214840,44545,16,1/1/14,
57,8,Wyoming,24,968,24,896,100,93,14347563,4603235626,2730,1660492328,1/1/14,
0,4,Alabama,180,1342,180,937,100,70,1662296485,652625685,623871,772875,1/1/15,
1,10,Alaska,42,37,34,27,81,73,81531098,11541347,48055,18615,1/1/15,
2,9,American Samoa,4,2,4,1,100,50,12710223,1059046,1158,71,1/1/15,
3,9,Arizona,78,111,69,103,88,93,713228228,143156870,260022,14257,1/1/15,
4,6,Arkansas,112,696,112,694,100,100,547284816,40188869,173929,83669,1/1/15,
5,9,California,253,252,231,211,91,84,3062498973,592536,36800094,162,1/1/15,
6,8,Colorado,126,451,120,270,95,60,468226594,257709004,46677,5519,1/1/15,
7,1,Connecticut,91,75,91,73,100,97,35807760,79256315,770804,6551,1/1/15,
8,3,Delaware,18,33,17,29,94,88,76564593,453026,288634,2519,1/1/15,
9,3,District Of Columbia,4,6,4,4,100,67,8810019,23834,2779,17688,1/1/15,
10,4,Florida,312,297,177,257,57,87,4051840184,124674920,1737525,1060975,1/1/15,
11,4,Georgia,206,616,200,478,97,78,198341422,6491865,265983,12799,1/1/15,
12,9,Guam,5,14,5,14,100,100,4773472,5295565,580,6070,1/1/15,
13,6,Gulf Of Mexico,,2,,1,,50,,0,,0,1/1/15,
14,4,Gulf Of Mexico East,,1,,0,,0,,,,,1/1/15,
15,9,Hawaii,19,352,18,45,95,13,67848806,15782845,76687,69841,1/1/15,
16,10,Idaho,39,135,38,117,97,87,80737894,7282418,7748,3772,1/1/15,
17,5,Illinois,271,1290,271,1213,100,94,767085961,305699885,3756094,99225,1/1/15,
18,5,Indiana,198,6087,197,1211,99,20,1710493372,91319170,672728,110602,1/1/15,
19,7,Iowa,141,1516,134,1150,95,76,25564035,115645560,37404,12229,1/1/15,
20,7,Kansas,62,1312,60,672,97,51,189023320,76006904,7588607,843677,1/1/15,
21,4,Kentucky,140,1645,138,1574,99,96,578013262,293911935,285111876,330090,1/1/15,
22,6,Louisiana,237,1157,233,831,98,72,6314589865,146171327,998855,19460,1/1/15,
23,1,Maine,75,343,71,187,95,55,135600747,2130535,18801,2599,1/1/15,
24,9,Mariana Islands,2,4,2,3,100,75,516207,511,224,0,1/1/15,
25,3,Maryland,96,530,83,431,86,81,81362734,55553769,101650,705175,1/1/15,
26,1,Massachusetts,123,119,119,107,97,90,131748503,90515744,2082840,7834,1/1/15,
27,5,Michigan,203,481,196,412,97,86,931062400,683544746,2.0128E+11,274321,1/1/15,
28,5,Minnesota,102,652,98,207,96,32,1811954615,8505923,1747355,477,1/1/15,
29,4,Mississippi,95,1235,95,1160,100,94,47522344,271952458,43706,64890,1/1/15,
30,7,Missouri,181,2837,179,2500,99,88,354660260,6857965418,2485477,33407280,1/1/15,
31,8,Montana,35,164,35,155,100,95,138917148,19804852,18668,7528,1/1/15,
32,7,Nebraska,51,655,50,582,98,89,644417896,25741651269,10756958,988543,1/1/15,
33,9,Nevada,14,112,11,86,79,77,559895207,116990688,6097,8403,1/1/15,
34,1,New Hampshire,49,34,47,33,96,97,240680384,276154,22375,647,1/1/15,
35,2,New Jersey,133,156,133,88,100,56,251277286,112426,165806,189,1/1/15,
36,6,New Mexico,37,99,37,96,100,97,21474539,8998947,702756,62018,1/1/15,
37,2,New York,321,1262,317,1069,99,85,681488883,326415830,1452850,2007650,1/1/15,
38,4,North Carolina,227,1261,219,947,96,75,142029503,557496273,73489,38392,1/1/15,
39,8,North Dakota,24,90,24,71,100,79,61241490,5913919,102343,641,1/1/15,
40,5,Ohio,294,3140,293,3049,100,97,4863069535,1520522374,365086,609050,1/1/15,
41,6,Oklahoma,105,383,104,381,99,99,181232612,586456866,72661,12144,1/1/15,
42,10,Oregon,74,290,66,177,89,61,49051563,30594,31968,475,1/1/15,
43,3,Pennsylvania,409,4540,400,1927,98,42,3323641324,73619781,51866657578,45404,1/1/15,
44,2,Puerto Rico,83,166,82,158,99,95,721202729,60564930,206143,41983,1/1/15,
45,1,Rhode Island,24,57,24,53,100,93,15055569,35797868,24082,4495,1/1/15,
46,4,South Carolina,169,262,162,243,96,93,84669914,16257805,570171,28336,1/1/15,
47,8,South Dakota,23,259,23,233,100,90,20955916,19728588,3754,599,1/1/15,
48,4,Tennessee,162,1009,159,683,98,68,1801343701,141972598,535897,39324223,1/1/15,
49,6,Texas,735,2376,692,1983,94,83,4730965074,4235347229,1229168,927844,1/1/15,
50,8,Utah,43,140,41,91,95,65,391463386,206385892,845043,62410,1/1/15,
51,1,Vermont,34,196,34,133,100,68,44733012,1051942,14652,2189,1/1/15,
52,2,Virgin Islands,7,61,7,54,100,89,897700663,74206390,961,15137,1/1/15,
53,3,Virginia,149,867,136,691,91,80,464457828,87765426,86471,4432,1/1/15,
54,10,Washington,76,378,65,244,86,65,79061045,9760591,74350,17585,1/1/15,
55,3,West Virginia,91,1910,89,1677,98,88,1072890441,1353132260,472047,453156,1/1/15,
56,5,Wisconsin,129,1084,128,541,99,50,152688350,216180,65844,2747,1/1/15,
57,8,Wyoming,24,912,24,851,100,93,31582485,2873922013,2910,1005945995,1/1/15,
0,4,Alabama,178,1280,177,1165,99,91,2815235543,918542510,1557428,2356059,1/1/16,
1,10,Alaska,42,43,34,29,81,67,82425415,2641417,43462,4670,1/1/16,
2,9,American Samoa,4,2,4,1,100,50,27566103,1710876,1334,208,1/1/16,
3,9,Arizona,76,110,67,101,88,92,818977099,182168805,377964,32646,1/1/16,
4,6,Arkansas,113,681,113,678,100,100,407370448,81400160,149793,13246,1/1/16,
5,9,California,252,243,232,211,92,87,2758369700,38676269,642189433,7387,1/1/16,
6,8,Colorado,127,441,121,276,95,63,400061349,264537727,61792,18938,1/1/16,
7,1,Connecticut,91,68,91,66,100,97,31319300,75297148,814781,4800,1/1/16,
8,3,Delaware,18,33,17,29,94,88,6942571,320733,286313,620,1/1/16,
9,3,District Of Columbia,4,6,4,4,100,67,8218820,41022,126486,29,1/1/16,
10,4,Florida,382,289,175,250,46,87,2498095322,134308521,2397433,192129,1/1/16,
11,4,Georgia,206,590,201,468,98,79,233760794,13757100,289380,24472,1/1/16,
12,9,Guam,5,14,5,13,100,93,5094986,9002953,2108,10288,1/1/16,
13,6,Gulf Of Mexico,,1,,0,,0,,,,,1/1/16,
14,9,Hawaii,19,359,18,47,95,13,283124781,144906766,31962,67442,1/1/16,
15,10,Idaho,39,135,38,117,97,87,84833404,11152059,83381,7694,1/1/16,
16,5,Illinois,270,1286,270,1210,100,94,1026361071,241638130,2841055,55466,1/1/16,
17,5,Indiana,198,8125,197,1185,99,15,1689825635,80824306,774656,33337,1/1/16,
18,7,Iowa,141,1503,140,1188,99,79,62220452,51375398,58594,940916,1/1/16,
19,7,Kansas,65,1321,61,680,94,51,173807473,98809760,2126910,9681,1/1/16,
20,4,Kentucky,139,1577,137,1520,99,96,333589225,400785000,622228,178631,1/1/16,
21,6,Louisiana,238,1115,236,931,99,83,8099681140,386808025,631150,1862215,1/1/16,
22,1,Maine,75,340,70,189,93,56,78845693,1711147,16409,84589,1/1/16,
23,9,Mariana Islands,2,4,2,3,100,75,551044,634,124,1,1/1/16,
24,3,Maryland,95,455,82,403,86,89,151929721,114739320,265248,35980,1/1/16,
25,1,Massachusetts,123,117,119,105,97,90,2525043192,70266246,210788,24891,1/1/16,
26,5,Michigan,203,439,193,351,95,80,940601997,1767030063,85800566,235461,1/1/16,
27,5,Minnesota,102,649,99,205,97,32,2117938269,8335021,268093,262,1/1/16,
28,4,Mississippi,92,1196,92,1125,100,94,45747018,252821212,35786,24198,1/1/16,
29,7,Missouri,180,2798,178,2532,99,90,348841943,4576117279,1362138,20285595,1/1/16,
30,8,Montana,34,165,34,154,100,93,97379962,42926440,10950,4296,1/1/16,
31,7,Nebraska,51,648,50,575,98,89,320314823,13923227535,31826,3176249,1/1/16,
32,9,Nevada,14,103,11,84,79,82,536576252,97295852,599056,12007,1/1/16,
33,1,New Hampshire,48,35,47,34,98,97,207084979,556008,16952,625,1/1/16,
34,2,New Jersey,133,282,132,233,99,83,288017155,7325565,152667,3568,1/1/16,
35,6,New Mexico,36,95,36,92,100,97,161160741,10568346,381553,61420,1/1/16,
36,2,New York,320,1270,316,1064,99,84,654277263,200113499,1955082,30587,1/1/16,
37,4,North Carolina,227,1246,219,934,96,75,144038158,3779349973,95460,136044,1/1/16,
38,8,North Dakota,24,85,24,77,100,91,111203448,25088937,812165,534,1/1/16,
39,5,Ohio,294,3143,293,3045,100,97,4902642770,991586439,358601,137129,1/1/16,
40,6,Oklahoma,105,371,104,368,99,99,184183956,1201538692,35237,19692,1/1/16,
41,10,Oregon,74,286,66,169,89,59,43130593,41511,28422,500,1/1/16,
42,3,Pennsylvania,406,4798,397,2284,98,48,1954458246,660290038,58291807044,485762,1/1/16,
43,2,Puerto Rico,81,167,81,158,100,95,352728088,24719288,1119928,123882,1/1/16,
44,1,Rhode Island,23,56,23,51,100,91,12138585,4545635,12355,2327,1/1/16,
45,4,South Carolina,168,244,159,225,95,92,77460251,5776876,110155,256320,1/1/16,
46,8,South Dakota,23,256,23,228,100,89,17408868,32832930,3919,1160,1/1/16,
47,4,Tennessee,162,1005,161,734,99,73,1403129102,100074109,483911,42294,1/1/16,
48,6,Texas,734,2427,690,1995,94,82,19396163551,3438967873,1224357,1229227,1/1/16,
49,8,Utah,43,136,41,86,95,63,429561026,212604481,454658,5715,1/1/16,
50,1,Vermont,34,209,34,134,100,64,10519594,1298582,11376,2454,1/1/16,
51,2,Virgin Islands,7,62,7,54,100,87,15844015,146865310,2460,948,1/1/16,
52,3,Virginia,149,911,136,846,91,93,353530371,104028501,100690,6242,1/1/16,
53,10,Washington,76,373,66,239,87,64,18314545,9879939,11459,2888,1/1/16,
54,3,West Virginia,91,1966,89,1710,98,87,1112592771,1436313188,746279,1049864,1/1/16,
55,5,Wisconsin,129,1121,128,560,99,50,158712527,138342,86640,9,1/1/16,
56,8,Wyoming,24,887,24,831,100,94,23479486,27300294864,2993,2327002657,1/1/16,
0,4,Alabama,177,1266,175,1137,99,90,1629320929,850892668,593720,14518771,1/1/17,
1,10,Alaska,41,44,33,32,80,73,76080225,2263243,36068,1121,1/1/17,
2,9,American Samoa,4,2,4,1,100,50,15326092,25699,1093,1,1/1/17,
3,9,Arizona,75,107,67,100,89,93,719624774,30136816,79268,1326,1/1/17,
4,6,Arkansas,114,683,114,680,100,100,431413970,38051615,128773,9272,1/1/17,
5,9,California,246,239,230,211,93,88,2934363299,263292799,56357587,550903,1/1/17,
6,8,Colorado,127,443,120,279,94,63,405754200,345347042,74338,6186,1/1/17,
7,1,Connecticut,89,66,89,64,100,97,148896340,58362256,746649,2352,1/1/17,
8,3,Delaware,18,33,17,29,94,88,7350022,1577852,328202,917,1/1/17,
9,3,District Of Columbia,4,6,4,4,100,67,8663069,118265,4010,113,1/1/17,
10,4,Florida,408,280,173,243,42,87,3670067336,187890811,493679,230300,1/1/17,
11,4,Georgia,208,591,201,485,97,82,200759978,12657581,154217,7282,1/1/17,
12,9,Guam,5,14,5,13,100,93,4703819,6919762,131519,9395,1/1/17,
13,6,Gulf Of Mexico,,1,,0,,0,,,,,1/1/17,
14,9,Hawaii,18,356,17,44,94,12,9823193,5604600,40643,4933,1/1/17,
15,10,Idaho,39,128,38,111,97,87,96887063,15643099,16931,4403,1/1/17,
16,5,Illinois,270,1282,270,1201,100,94,749287326,228696909,1696564,97957,1/1/17,
17,5,Indiana,197,10016,197,1167,100,12,1986082004,122110210,1760823,57869,1/1/17,
18,7,Iowa,141,1501,140,1181,99,79,93496523,172366275,51355,17320,1/1/17,
19,7,Kansas,64,1323,62,685,97,52,175669114,57078376,51869,4492,1/1/17,
20,4,Kentucky,139,1496,137,1456,99,97,398293889,275130134,1280131,116279,1/1/17,
21,6,Louisiana,240,1086,239,983,100,91,6442137802,432520641,5750254,1774248,1/1/17,
22,1,Maine,74,333,70,189,95,57,87301061,1392521,15908,3373,1/1/17,
23,9,Mariana Islands,2,4,2,2,100,50,699283,286,109,0,1/1/17,
24,3,Maryland,94,427,81,378,86,89,55030245,103478671,48139,21606,1/1/17,
25,1,Massachusetts,123,109,119,101,97,93,19574824971,3892800,19625566,8734,1/1/17,
26,5,Michigan,203,438,193,350,95,80,1033469331,659135736,412886,185716,1/1/17,
27,5,Minnesota,102,641,99,205,97,32,2071954680,5169263,202203,392,1/1/17,
28,4,Mississippi,92,1185,92,1115,100,94,45356727,149413401,37932,4521720,1/1/17,
29,7,Missouri,181,2731,180,2401,99,88,2363300022,8346049469,1130591,16145372,1/1/17,
30,8,Montana,34,162,34,151,100,93,94512673,22061929,14435,3111,1/1/17,
31,7,Nebraska,51,643,50,571,98,89,338916322,4403423933,1100138,170356,1/1/17,
32,9,Nevada,14,97,10,81,71,84,541541694,159169720,164099,12301,1/1/17,
33,1,New Hampshire,48,32,47,32,98,100,270225925,637580,31196,525,1/1/17,
34,2,New Jersey,133,337,132,306,99,91,326220204,19827061,180238,2548,1/1/17,
35,6,New Mexico,34,92,34,90,100,98,36429531,9295872,54975367,8486742,1/1/17,
36,2,New York,321,1276,316,1066,98,84,1029670561,257588216,2121462,110701,1/1/17,
37,4,North Carolina,227,1231,217,918,96,75,118290259,4275504615,37821,426119,1/1/17,
38,8,North Dakota,24,81,24,78,100,96,65454350,43777169,214294,3650831,1/1/17,
39,5,Ohio,293,3137,290,3043,99,97,4701511387,2025069984,273962,102828,1/1/17,
40,6,Oklahoma,105,368,103,366,98,99,359980179,1144469698,205532,31239,1/1/17,
41,10,Oregon,74,284,66,194,89,68,46084513,498607,27181,451,1/1/17,
42,3,Pennsylvania,405,5324,400,2729,99,51,2054405466,1483766442,56553221438,617596,1/1/17,
43,2,Puerto Rico,75,163,74,156,99,96,119867147,50526884,1227167,95477,1/1/17,
44,1,Rhode Island,23,52,23,46,100,88,15089584,4944499,31270,2248,1/1/17,
45,4,South Carolina,165,240,161,231,98,96,119997135,339105274,7685225,46978,1/1/17,
46,8,South Dakota,23,243,23,219,100,90,16563650,43652040,6033,17525,1/1/17,
47,4,Tennessee,162,996,161,760,99,76,1476794394,537757497,479046,50828,1/1/17,
48,6,Texas,732,2462,689,1992,94,81,19607127529,3017820511,1283528,713396,1/1/17,
49,8,Utah,43,141,41,86,95,61,6510447662,917611726,364587,5704,1/1/17,
50,1,Vermont,34,223,34,131,100,59,47134221,2937098,13844,2854,1/1/17,
51,2,Virgin Islands,7,62,7,53,100,85,27713650,76420790,2103,704,1/1/17,
52,3,Virginia,153,942,140,888,92,94,341911599,4772420204,109380,51846,1/1/17,
53,10,Washington,76,367,66,231,87,63,19553707,8484084,11519,7366,1/1/17,
54,3,West Virginia,89,1963,87,1727,98,88,2072738435,1651189819,1278406,207897,1/1/17,
55,5,Wisconsin,128,1146,127,614,99,54,173082874,29977287,37993,5857,1/1/17,
56,8,Wyoming,24,821,24,769,100,94,29744660,2384469687,1542,697237508,1/1/17,
0,4,Alabama,177,1232,175,1101,99,89,1619069407,670045593,364623,2822565,1/1/18,
1,10,Alaska,41,46,36,33,88,72,72540688,7722860,45058,411,1/1/18,
2,9,American Samoa,4,2,4,1,100,50,8028447,16019,807,1,1/1/18,
3,9,Arizona,74,100,66,96,89,96,792208660,14802602,879396,5997,1/1/18,
4,6,Arkansas,114,685,114,681,100,99,506764605,295068471,395724,18647,1/1/18,
5,9,California,246,225,230,203,93,90,3322051969,439344811,66704386,2.5889E+13,1/1/18,
6,8,Colorado,125,449,119,285,95,63,409088114,345711489,314123,10458,1/1/18,
7,1,Connecticut,86,65,86,64,100,98,41813250,54747831,830624,2584,1/1/18,
8,3,Delaware,18,32,17,28,94,88,9739342,315190,450768,733,1/1/18,
9,3,District Of Columbia,4,7,4,5,100,71,11638752,33442,4333,22,1/1/18,
10,4,Florida,407,276,172,239,42,87,3216596322,199989130,530026,292634,1/1/18,
11,4,Georgia,205,581,195,490,95,84,215633985,16086961,657748,11144,1/1/18,
12,9,Guam,4,13,4,12,100,92,5058391,2512750,1597,6444,1/1/18,
13,6,Gulf Of Mexico,,1,,0,,0,,,,,1/1/18,
14,9,Hawaii,18,349,17,44,94,13,51982510,7092311,897090,38323,1/1/18,
15,10,Idaho,39,127,38,110,97,87,100790719,3194637,10161,2372,1/1/18,
16,5,Illinois,270,1259,269,1181,100,94,795641820,594060296,2637882,184359,1/1/18,
17,5,Indiana,194,11799,194,1191,100,10,1679181262,190354548,698291,24220,1/1/18,
18,7,Iowa,141,1488,139,1167,99,78,97149172,169225404,78561,4046057,1/1/18,
19,7,Kansas,64,1325,62,685,97,52,193200651,56903393,59508,8459,1/1/18,
20,4,Kentucky,138,1416,136,1378,99,97,512220876,375974457,2178312,157140,1/1/18,
21,6,Louisiana,241,1055,240,1009,100,96,45468210157,2489833662,1966586,154002,1/1/18,
22,1,Maine,74,332,70,189,95,57,86243408,1330853,14901,2175,1/1/18,
23,9,Mariana Islands,2,3,2,2,100,67,711265,298,0,2,1/1/18,
24,3,Maryland,94,409,81,366,86,89,56202882,78172816,874591,46352,1/1/18,
25,1,Massachusetts,123,106,118,98,96,92,2786859527,482806533,774863,39668,1/1/18,
26,5,Michigan,203,443,192,351,95,79,942517214,466686953,569136,1717712858,1/1/18,
27,5,Minnesota,102,638,100,231,98,36,2504102563,56399464,155157,931,1/1/18,
28,4,Mississippi,92,1154,92,1090,100,94,47478696,160532628,33687,33046,1/1/18,
29,7,Missouri,178,2626,178,2268,100,86,547914571,15147718184,2065727,21371808,1/1/18,
30,8,Montana,33,158,33,146,100,92,118710208,51672089,11761,84043,1/1/18,
31,7,Nebraska,51,635,50,559,98,88,349450435,860650743,33863,172470,1/1/18,
32,9,Nevada,14,90,10,73,71,81,570731977,105927642,10413,9448,1/1/18,
33,1,New Hampshire,48,33,48,33,100,100,180540427,777428,19666,771,1/1/18,
34,2,New Jersey,133,351,132,318,99,91,331136756,18588670,241001,8562,1/1/18,
35,6,New Mexico,34,88,32,84,94,95,33396799,7462757,33065045,452,1/1/18,
36,2,New York,319,1275,314,1061,98,83,1106529618,271869913,1957921,61622,1/1/18,
37,4,North Carolina,226,1203,217,891,96,74,177463937,52648509163,54688,1151547,1/1/18,
38,8,North Dakota,24,84,24,80,100,95,142131607,71300488,114639,6265,1/1/18,
39,5,Ohio,290,3083,289,3003,100,97,14100819697,1602978786,490871,96223,1/1/18,
40,6,Oklahoma,105,369,103,368,98,100,384340897,865240340,178009,31961,1/1/18,
41,10,Oregon,73,280,65,169,89,60,135263687,5829365,21972,2248,1/1/18,
42,3,Pennsylvania,404,5802,398,3040,99,52,3741815209,8452484422,81466561579,41238745,1/1/18,
43,2,Puerto Rico,72,152,70,148,97,97,837211814,264604386,225582,19881,1/1/18,
44,1,Rhode Island,23,49,23,42,100,86,18557471,4934630,47143,1906,1/1/18,
45,4,South Carolina,165,258,161,227,98,88,144576471,4059047,1606538044,6297,1/1/18,
46,8,South Dakota,23,234,23,210,100,90,23811549,28585986,6348,3267,1/1/18,
47,4,Tennessee,163,979,162,758,99,77,1114971856,291210348,463703,132672,1/1/18,
48,6,Texas,733,2506,690,2017,94,80,21563346054,4658901733,1708129,893526,1/1/18,
49,8,Utah,43,163,41,85,95,52,388316931,171839311,204646,6535,1/1/18,
50,1,Vermont,34,248,34,135,100,54,12155420,1106675,14910,2496,1/1/18,
51,2,Virgin Islands,7,62,7,52,100,84,12064159,18833045,1229,873080,1/1/18,
52,3,Virginia,154,988,141,917,92,93,316084603,155952058,111263,8433,1/1/18,
53,10,Washington,76,365,64,228,84,62,11596288,3580196,9362,2348,1/1/18,
54,3,West Virginia,88,1954,86,1712,98,88,1456452524,1511658401,2522971,1700741,1/1/18,
55,5,Wisconsin,126,1150,125,628,99,55,204475237,59204045,80392,24726,1/1/18,
56,8,Wyoming,24,769,24,707,100,92,56003015,661726082,7155,76225218,1/1/18,
0,4,Alabama,176,1194,175,1061,99,89,1969318838,490619811,196648,970638,1/1/19,
1,10,Alaska,41,46,36,34,88,74,74511203,6256476,54302,231,1/1/19,
2,9,American Samoa,4,2,4,1,100,50,6375323,13296,518,13,1/1/19,
3,9,Arizona,73,100,65,97,89,97,839528339,22157785,152305,1573,1/1/19,
4,6,Arkansas,114,694,114,690,100,99,472911099,47483011,227671,68368,1/1/19,
5,9,California,243,209,228,191,94,91,3983657918,3583541524,99570199,1.50E+17,1/1/19,
6,8,Colorado,125,439,119,285,95,65,510753234,358203271,56869,11895,1/1/19,
7,1,Connecticut,86,65,86,64,100,98,40317691,63414983,745020,6250,1/1/19,
8,3,Delaware,17,31,16,27,94,87,8006208,383394,382091,990,1/1/19,
9,3,District Of Columbia,4,7,4,5,100,71,10834924,82432,16906,195,1/1/19,
10,4,Florida,405,271,171,236,42,87,322665266,238226724,556864,916770,1/1/19,
11,4,Georgia,204,557,195,475,96,85,313528821,10958161,118566,10177,1/1/19,
12,9,Guam,4,14,4,12,100,86,5589475,3741807,3457,5097,1/1/19,
13,6,Gulf Of Mexico,,1,,0,,0,,,,,1/1/19,
14,9,Hawaii,18,235,17,35,94,15,75135901,865799,232422,2447,1/1/19,
15,10,Idaho,39,127,38,109,97,86,103619835,3406702,13756,2053,1/1/19,
16,5,Illinois,269,1246,269,1164,100,93,908113132,198687550,1247657,189263,1/1/19,
17,5,Indiana,194,12633,194,1292,100,10,1417766488,243096604,1031991,13231,1/1/19,
18,7,Iowa,141,1471,137,1149,97,78,82009472,222505171,43845,85343,1/1/19,
19,7,Kansas,63,1330,61,687,97,52,187412732,69850014,135439,5350,1/1/19,
20,4,Kentucky,138,1328,136,1297,99,98,580491262,136898391,2090243,239325,1/1/19,
21,6,Louisiana,241,1031,241,1003,100,97,1.18114E+11,2065542213,14311005,101455,1/1/19,
22,1,Maine,74,336,70,190,95,57,86442786,1225367,14372,1811,1/1/19,
23,9,Mariana Islands,2,3,2,2,100,67,991456,5180,0,5,1/1/19,
24,3,Maryland,94,397,81,351,86,88,35902649,74227850,774894,101321,1/1/19,
25,1,Massachusetts,121,105,117,97,97,92,2375439925,11137505,354786,17877,1/1/19,
26,5,Michigan,199,474,191,356,96,75,968342156,627526845,480773,210762,1/1/19,
27,5,Minnesota,102,598,100,249,98,42,2377241667,102195673,149905,12776,1/1/19,
28,4,Mississippi,91,1142,91,1075,100,94,48184226,158671610,45288,81161,1/1/19,
29,7,Missouri,178,2706,178,2226,100,82,664451470,17295770342,1114890,16374849,1/1/19,
30,8,Montana,33,153,33,139,100,91,131554967,39624259,22622,2808,1/1/19,
31,7,Nebraska,51,633,50,551,98,87,279587403,1694017821,26601,193061,1/1/19,
32,9,Nevada,14,84,10,67,71,80,568300343,109012847,9167,15281,1/1/19,
33,1,New Hampshire,48,34,48,34,100,100,146588102,785048,17204,819,1/1/19,
34,2,New Jersey,133,347,132,315,99,91,363491075,18911242,169511,1042,1/1/19,
35,6,New Mexico,33,88,33,85,100,97,144494938,7937716,18440679,460,1/1/19,
36,2,New York,319,1283,315,1063,99,83,1088696475,297153013,1856314,110245,1/1/19,
37,4,North Carolina,226,1199,217,885,96,74,244137269,6564458076,54692,137976,1/1/19,
38,8,North Dakota,24,86,24,83,100,97,160598878,34383587,56301,46524,1/1/19,
39,5,Ohio,289,3071,288,2989,100,97,8730352856,6455489184,377308,260152,1/1/19,
40,6,Oklahoma,106,363,104,362,98,100,413704413,1218982683,190672,20998,1/1/19,
41,10,Oregon,73,284,65,224,89,79,130928387,15277960,23638,6554,1/1/19,
42,3,Pennsylvania,402,6158,397,3222,99,52,2989392274,4362394840,3417694,67617995225,1/1/19,
43,2,Puerto Rico,70,147,70,143,100,97,2216953419,16171445,174421,24388,1/1/19,
44,1,Rhode Island,23,49,23,42,100,86,15565876,8641535,29325,2098,1/1/19,
45,4,South Carolina,164,301,160,225,98,75,160411566,4449967,9752714885,590997,1/1/19,
46,8,South Dakota,23,236,23,214,100,91,21370239,33605839,8878,3176,1/1/19,
47,4,Tennessee,163,955,162,753,99,79,1305642861,125990210,435988,161356,1/1/19,
48,6,Texas,731,2554,690,2034,94,80,5538174977,3633256845,1125097,782028,1/1/19,
49,8,Utah,43,191,41,85,95,45,400949696,128426436,96400775,5173,1/1/19,
50,1,Vermont,34,269,34,144,100,54,25980920,1034051,13826,2817,1/1/19,
51,2,Virgin Islands,7,63,7,54,100,86,49205380,129869265,19517,3219,1/1/19,
52,3,Virginia,153,1021,140,928,92,91,389882188,331137769,298765,10288,1/1/19,
53,10,Washington,76,372,62,229,82,62,2162493,1311026,977,574,1/1/19,
54,3,West Virginia,88,1943,86,1689,98,87,1149433995,1430245238,4076297,308309,1/1/19,
55,5,Wisconsin,126,1148,125,632,99,55,187174147,57908240,31921,4772,1/1/19,
56,8,Wyoming,24,707,24,641,100,91,33639908601,795454823,5781892,18037881,1/1/19,
0,4,Alabama,176,1187,175,1050,99,88,3256236262,479628994,228965,245288,1/1/20,
1,10,Alaska,41,47,37,35,90,74,92640431,1346739,26695,2552,1/1/20,
2,9,American Samoa,4,2,4,1,100,50,5093994,26042,262,14,1/1/20,
3,9,Arizona,73,97,65,94,89,97,976727232,23899874,439697438,1676,1/1/20,
4,6,Arkansas,114,688,114,685,100,100,430972247,259447020,430977,45730,1/1/20,
5,9,California,238,207,224,189,94,91,2986024251,91429573,53133494787,2.21608E+11,1/1/20,
6,8,Colorado,125,437,119,283,95,65,399046375,268012127,56295,12809,1/1/20,
7,1,Connecticut,86,64,86,63,100,98,137809960,58938178,1613981,2211,1/1/20,
8,3,Delaware,17,31,16,27,94,87,8802130,255376,316111,1211,1/1/20,
9,3,District Of Columbia,4,7,4,5,100,71,9228955,22155947,3986,68,1/1/20,
10,4,Florida,404,269,170,236,42,88,280221761,194148280,528961,167896,1/1/20,
11,4,Georgia,206,534,197,454,96,85,214408119,30815016489,375863,9218,1/1/20,
12,9,Guam,4,10,4,8,100,80,4458309,1804648,1279,6602,1/1/20,
13,6,Gulf Of Mexico,,1,,0,,0,,,,,1/1/20,
14,4,Gulf Of Mexico East,,1,,0,,0,,,,,1/1/20,
15,9,Hawaii,18,186,17,28,94,15,56451343,7668725,259149,467884921,1/1/20,
16,10,Idaho,39,129,38,109,97,84,103669426,3891149,15242,2113,1/1/20,
17,5,Illinois,268,1251,268,1172,100,94,650258769,439175565,805143,251188,1/1/20,
18,5,Indiana,193,12461,193,1374,100,11,1141478234,90427967,1120749,25491,1/1/20,
19,7,Iowa,140,1461,136,1150,97,79,122878205,64408766,26355,6518,1/1/20,
20,7,Kansas,63,1320,60,687,95,52,202508487,58912100,55956,2524,1/1/20,
21,4,Kentucky,139,1284,137,1255,99,98,459779207,246992459,355828,53862,1/1/20,
22,6,Louisiana,243,1031,243,1014,100,98,5149560770,1191129043,1493580,166069831,1/1/20,
23,1,Maine,74,333,70,190,95,57,84737667,1125537,10638,1717,1/1/20,
24,9,Mariana Islands,2,3,2,2,100,67,463786,62,85,1,1/1/20,
25,3,Maryland,93,387,81,347,87,90,43495235,72833256,561755,16767,1/1/20,
26,1,Massachusetts,120,102,116,93,97,91,1111542848,139391206,2434821,16949,1/1/20,
27,5,Michigan,197,510,189,354,96,69,810495614,773699466,307821,218794,1/1/20,
28,5,Minnesota,102,592,99,271,97,46,2090708784,125866260,237995,9819,1/1/20,
29,4,Mississippi,91,1107,91,1044,100,94,62416103,324661950,62142,45420,1/1/20,
30,7,Missouri,178,2681,178,2114,100,79,512230720,12354947072,970953,12712292,1/1/20,
31,8,Montana,33,152,32,137,97,90,84961293,28097433,11284,6656,1/1/20,
32,7,Nebraska,51,640,50,548,98,86,221039810,21927834479,29304,305965,1/1/20,
33,9,Nevada,14,80,10,65,71,81,583059150,99713986,10187,15292,1/1/20,
34,1,New Hampshire,48,34,48,34,100,100,159216314,683340,16071,803,1/1/20,
35,2,New Jersey,133,347,132,312,99,90,314372536,19130130,134893,1793,1/1/20,
36,6,New Mexico,33,83,33,81,100,98,139300654,7985009,28506746,788,1/1/20,
37,2,New York,316,1297,312,1067,99,82,898924164,38777136318,1453216,662597,1/1/20,
38,4,North Carolina,226,1175,217,860,96,73,285382554,3357188891,49528,105678,1/1/20,
39,8,North Dakota,24,89,24,85,100,96,162954076,59831964,361532,25503,1/1/20,
40,5,Ohio,288,3059,287,2984,100,98,4229543771,959857360,286344,61878,1/1/20,
41,6,Oklahoma,106,359,104,357,98,99,327509025,840089594,172671,17701,1/1/20,
42,10,Oregon,73,280,65,240,89,86,134604544,11550502,62087,9021,1/1/20,
43,3,Pennsylvania,400,6441,395,3352,99,52,7793855952,6704807732,2914423,1316367,1/1/20,
44,2,Puerto Rico,67,140,67,138,100,99,3556791799,173695079,230194,5232,1/1/20,
45,1,Rhode Island,23,48,23,41,100,85,13212077,5930732,16393,2388,1/1/20,
46,4,South Carolina,164,357,159,221,97,62,201539981,4023668,4622654,728538,1/1/20,
47,8,South Dakota,23,233,23,204,100,88,26402056,52374583,6844,2808,1/1/20,
48,4,Tennessee,162,943,161,746,99,79,1482412569,177868577,578034,104020,1/1/20,
49,6,Texas,730,2600,690,2054,95,79,6462367328,1190841529,911296,19879743,1/1/20,
50,8,Utah,42,178,40,87,95,49,475141639,110284459,36852291,11836,1/1/20,
51,1,Vermont,34,277,34,143,100,52,11139279,893787,10947,2265,1/1/20,
52,2,Virgin Islands,7,57,7,53,100,93,24973779,40304093,13603,3329,1/1/20,
53,3,Virginia,154,1033,141,932,92,90,1095971454,183935697,91074,9119,1/1/20,
54,10,Washington,76,368,57,210,75,57,580408,2184538,148,443,1/1/20,
55,3,West Virginia,87,1942,86,1690,99,87,908681292,1388316713,1315701,1678747,1/1/20,
56,5,Wisconsin,126,1158,125,633,99,55,152344518,48858528,21782,10247,1/1/20,
57,8,Wyoming,24,652,24,583,100,89,18662126231,853950405,3991992,15814791,1/1/20,
0,4,Alabama,176,1177,175,1023,99,87,2249159428,496859145,318519,302512,1/1/21,
1,10,Alaska,41,50,37,37,90,74,94906416,540833493,29302,1643,1/1/21,
2,9,American Samoa,4,2,4,1,100,50,3979194,31897,948,15,1/1/21,
3,9,Arizona,77,95,69,93,90,98,907655787,24234379,438627,1621,1/1/21,
4,6,Arkansas,114,688,114,686,100,100,508907102,355086784,445369,53491,1/1/21,
5,9,California,234,195,220,177,94,91,3441472629,85006001275,5678881975,3.24E+16,1/1/21,
6,8,Colorado,124,434,119,280,96,65,412395434,350731134,610281,651029,1/1/21,
7,1,Connecticut,85,64,85,62,100,97,38733758,58081737,1142546,6398,1/1/21,
8,3,Delaware,17,31,16,27,94,87,10835615,291871,384626,1209,1/1/21,
9,3,District Of Columbia,4,7,4,5,100,71,9380869,145490,6134,292,1/1/21,
10,4,Florida,400,266,166,233,42,88,305030942,214155944,523587,836577,1/1/21,
11,4,Georgia,208,527,200,444,96,84,190862266,11037737,362803,30643,1/1/21,
12,9,Guam,4,9,4,7,100,78,4436180,1792366,1735,7304,1/1/21,
13,6,Gulf Of Mexico,,1,,0,,0,,,,,1/1/21,
14,4,Gulf Of Mexico East,,1,,0,,0,,,,,1/1/21,
15,9,Hawaii,18,157,16,27,89,17,55242037,10477488,657266,1231068467,1/1/21,
16,10,Idaho,39,130,38,109,97,84,91668284,61429093,643502,1556,1/1/21,
17,5,Illinois,267,1248,267,1170,100,94,949132958,388621678,929796,191038,1/1/21,
18,5,Indiana,192,12703,192,1462,100,12,1048713987,132675450,913179,34517,1/1/21,
19,7,Iowa,140,1445,137,1137,98,79,133654053,53539776,26224,72641,1/1/21,
20,7,Kansas,61,1325,58,690,95,52,234471238,84683168,289083,3457,1/1/21,
21,4,Kentucky,139,1266,137,1245,99,98,560931109,119783930,4038558,297944,1/1/21,
22,6,Louisiana,241,1034,241,1014,100,98,6237157622,1463232222,779030,59610432,1/1/21,
23,1,Maine,74,328,70,188,95,57,88033737,1125490,10552,2049,1/1/21,
24,9,Mariana Islands,2,3,2,2,100,67,307918,25,114,0,1/1/21,
25,3,Maryland,91,382,80,341,88,89,65311818,63912975,1185658,14975,1/1/21,
26,1,Massachusetts,120,99,116,91,97,92,162792091,185413920,1264684,39596,1/1/21,
27,5,Michigan,197,604,188,349,95,58,929704771,642965479,319364,427297,1/1/21,
28,5,Minnesota,102,563,100,288,98,51,2152211013,146242161,422164,3006,1/1/21,
29,4,Mississippi,92,1085,91,1027,99,95,70679589,220091963,45231,32700,1/1/21,
30,7,Missouri,178,2672,177,2021,99,76,2630429704,16510836834,668579,2898603,1/1/21,
31,8,Montana,33,149,32,134,97,90,70410167,26588571,24349,2274,1/1/21,
32,7,Nebraska,51,634,50,539,98,85,124045143,1990815502,32326,191430,1/1/21,
33,9,Nevada,14,82,10,66,71,80,635154297,272047171,11438,26970,1/1/21,
34,1,New Hampshire,48,33,48,33,100,100,214725888,670539,17826,719,1/1/21,
35,2,New Jersey,132,347,132,311,100,90,342659301,20718651,159834,1305,1/1/21,
36,6,New Mexico,33,76,33,74,100,97,151947533,11603819,40895142,166512,1/1/21,
37,2,New York,313,1298,309,1065,99,82,880323875,208106092,1342268,257505,1/1/21,
38,4,North Carolina,226,1161,216,847,96,73,229411869,7089762063,55616,141143,1/1/21,
39,8,North Dakota,24,86,24,83,100,97,91507634,27938611,21849,31437,1/1/21,
40,5,Ohio,287,3059,286,2986,100,98,4586802260,1806286734,225538,34040,1/1/21,
41,6,Oklahoma,106,355,104,354,98,100,252251088,783851976,122045,12356,1/1/21,
42,10,Oregon,73,278,65,237,89,85,141378842,14845999,105997,11646,1/1/21,
43,3,Pennsylvania,400,6781,395,3424,99,50,5232833965,6423627120,14646583,4354219,1/1/21,
44,2,Puerto Rico,67,139,67,137,100,99,2511235935,59597638,4475493,9797,1/1/21,
45,1,Rhode Island,23,47,23,40,100,85,14503054,1419049,28227,2295,1/1/21,
46,4,South Carolina,163,422,158,220,97,52,159775456,6121603,123240,1707693,1/1/21,
47,8,South Dakota,23,233,23,203,100,87,25192893,47788605,10173,2161,1/1/21,
48,4,Tennessee,163,933,162,748,99,80,1459388343,100186146,419843,75295,1/1/21,
49,6,Texas,730,2659,692,2055,95,77,10654953332,2906000132,2651879,1384633,1/1/21,
50,8,Utah,42,173,40,90,95,52,501005789,34785125,289051,24041,1/1/21,
51,1,Vermont,34,290,34,146,100,50,20539917,977896,14002,2124,1/1/21,
52,2,Virgin Islands,7,56,7,53,100,95,4942464,96623014,48766,151921,1/1/21,
53,3,Virginia,154,1032,141,924,92,90,307433572,446812915,126081,18278,1/1/21,
54,10,Washington,76,373,54,199,71,53,573774,1524262,151,981,1/1/21,
55,3,West Virginia,87,1928,86,1680,99,87,689839923,1243694455,544824,922797,1/1/21,
56,5,Wisconsin,125,1155,125,623,100,54,142433256,70810880,22859,3627,1/1/21,
57,8,Wyoming,24,629,24,555,100,88,52580370,2409089926,1407,24108942,1/1/21,
0,4,Alabama,176,1159,175,1007,99,87,2012997632,2604622693,450819,183414880,1/1/22,
1,10,Alaska,41,49,38,36,93,73,97789418,3888913,45291,257,1/1/22,
2,9,American Samoa,4,2,4,1,100,50,4242518,26141,422403913,12,1/1/22,
3,9,Arizona,76,92,68,91,89,99,852912548,21950974,2305905,26730,1/1/22,
4,6,Arkansas,114,686,114,682,100,99,430041696,97476860,437152,77569,1/1/22,
5,9,California,233,192,219,175,94,91,2856037528,174927001,655133351,1093284,1/1/22,
6,8,Colorado,124,429,119,276,96,64,397659985,318052337,72859,68517,1/1/22,
7,1,Connecticut,84,64,84,59,100,92,47341515,61494554,693161,3302,1/1/22,
8,3,Delaware,16,31,15,27,94,87,12267244,251486,351884,1146,1/1/22,
9,3,District Of Columbia,4,7,4,5,100,71,8239709,225898,5182,6644,1/1/22,
10,4,Florida,400,263,166,231,42,88,266418421,228325332,515715,278690,1/1/22,
11,4,Georgia,207,517,201,437,97,85,172810190,11367357,957064,2694870,1/1/22,
12,9,Guam,4,8,4,6,100,75,3166426,1859917,2774,5,1/1/22,
13,6,Gulf Of Mexico,,1,,0,,0,,,,,1/1/22,
14,4,Gulf Of Mexico East,,1,,0,,0,,,,,1/1/22,
15,9,Hawaii,18,118,16,26,89,22,48930052,1647824,359178,941,1/1/22,
16,10,Idaho,38,129,37,110,97,85,98049550,14073965341,11138,2198,1/1/22,
17,5,Illinois,267,1237,267,1159,100,94,900809097,344506750,5330111,188390,1/1/22,
18,5,Indiana,192,10720,192,1529,100,14,985930846,118225779,906606,252518,1/1/22,
19,7,Iowa,141,1441,136,1133,96,79,108134180,44560872,19390,3643,1/1/22,
20,7,Kansas,61,1319,58,686,95,52,243051324,74177659,259553,6847,1/1/22,
21,4,Kentucky,140,1244,138,1225,99,98,475838089,129584752,2493199,20534,1/1/22,
22,6,Louisiana,241,1024,241,1004,100,98,4522319816,9964611164,881561,1102443,1/1/22,
23,1,Maine,74,326,70,189,95,58,95645425,1102696,12791,2050,1/1/22,
24,9,Mariana Islands,2,3,2,2,100,67,344202,191,39,0,1/1/22,
25,3,Maryland,91,369,79,331,87,90,46788458,53352405,13095548,14158,1/1/22,
26,1,Massachusetts,119,93,115,85,97,91,163012135,116789073,602636,95378,1/1/22,
27,5,Michigan,195,633,186,349,95,55,938760370,683142046,174715,52963,1/1/22,
28,5,Minnesota,102,552,100,304,98,55,2151793106,391710972,74075,11954,1/1/22,
29,4,Mississippi,92,1062,91,1006,99,95,46712840,154489543,89814,25784,1/1/22,
30,7,Missouri,177,2648,177,1948,100,74,755192330,7054752292,196701,3126020,1/1/22,
31,8,Montana,33,147,32,132,97,90,71574106,13238030,47104,952,1/1/22,
32,7,Nebraska,51,629,50,529,98,84,126606998,2076973980,26023,53013,1/1/22,
33,9,Nevada,14,81,10,66,71,81,652705375,74922605,10989,14259,1/1/22,
34,1,New Hampshire,48,30,48,30,100,100,214927242,903127,17337,229483,1/1/22,
35,2,New Jersey,131,346,131,311,100,90,336105941,19353860,146660,6168,1/1/22,
36,6,New Mexico,32,75,32,73,100,97,152959791,7799167047,111305363,1577826,1/1/22,
37,2,New York,314,1297,310,1063,99,82,992885171,190677126,983800,2209885,1/1/22,
38,4,North Carolina,225,1146,216,839,96,73,269189416,14907505623,94383,394917,1/1/22,
39,8,North Dakota,23,82,23,79,100,96,132708897,35457525,307206,30715,1/1/22,
40,5,Ohio,285,3042,284,2974,100,98,4323895900,976482597,126111,95447,1/1/22,
41,6,Oklahoma,106,347,104,346,98,100,2643694889,715690091,209423,53658,1/1/22,
42,10,Oregon,73,270,65,238,89,88,148615650,26678707,72918,38083,1/1/22,
43,3,Pennsylvania,398,7211,393,3492,99,48,2841429124,3763939059,10659934,5624629,1/1/22,
44,2,Puerto Rico,64,136,64,134,100,99,3186049059,32357789,145332,5294,1/1/22,
45,1,Rhode Island,23,47,23,41,100,87,15182399,4165759,26940,3924,1/1/22,
46,4,South Carolina,162,463,158,219,98,47,193467634,5152220,298578,492327,1/1/22,
47,8,South Dakota,23,233,23,203,100,87,26483706,49772882,7123,1575,1/1/22,
48,4,Tennessee,163,911,162,735,99,81,1342439917,122153747,1093548,39720,1/1/22,
49,6,Texas,731,2743,693,2071,95,76,14084934737,1845125461,1734644,3562955,1/1/22,
50,8,Utah,42,172,40,90,95,52,412403893,70668704,256179,15447,1/1/22,
51,1,Vermont,34,300,33,146,97,49,10790918,1191967,20336,2266,1/1/22,
52,2,Virgin Islands,7,56,7,52,100,93,923351,20788927,552,3895,1/1/22,
53,3,Virginia,152,1022,140,910,92,89,346549396,297035503,120787,145045,1/1/22,
54,10,Washington,76,377,52,189,68,50,3442687,7101932,1935,349,1/1/22,
55,3,West Virginia,87,1914,86,1668,99,87,707015056,2560236869,1015500,2527947,1/1/22,
56,5,Wisconsin,125,1149,123,612,98,53,158865895,51339915,19151,3540,1/1/22,
57,8,Wyoming,24,604,24,532,100,88,52086340,772458450,1450,28462452,1/1/22,
0,4,Alabama,176,1148,175,993,99,86,1562599807,27356501059,189590,753126,1/1/23,
1,10,Alaska,40,51,38,38,95,75,118416131,3058347,45938,208,1/1/23,
2,9,American Samoa,4,1,3,1,75,100,3969333,30450,88064,313,1/1/23,
3,9,Arizona,75,92,67,91,89,99,1183148383,25205555,204416,1090,1/1/23,
4,6,Arkansas,115,684,115,681,100,100,479724012,36817738,158387,29582,1/1/23,
5,9,California,228,186,214,169,94,91,3627007392,115351942,10157788,4540893434,1/1/23,
6,8,Colorado,124,423,119,270,96,64,839518965,273939662,147759,735366,1/1/23,
7,1,Connecticut,84,64,84,58,100,91,40227906,41111027,995021,283147,1/1/23,
8,3,Delaware,15,32,14,27,93,84,11345009,444012,305442,833,1/1/23,
9,3,District Of Columbia,4,7,4,5,100,71,8947766,157883,4715,661,1/1/23,
10,4,Florida,400,253,166,221,42,87,1465774988,211838458,780869,386632,1/1/23,
11,4,Georgia,209,506,204,428,98,85,190215814,128392689,1218081,22034,1/1/23,
12,9,Guam,4,8,4,6,100,75,2543788,1034394,1485,12522,1/1/23,
13,6,Gulf Of Mexico,,1,,0,,0,,,,,1/1/23,
14,4,Gulf Of Mexico East,,1,,0,,0,,,,,1/1/23,
15,9,Hawaii,18,86,16,23,89,27,45491544,3512191,13075,3253,1/1/23,
16,10,Idaho,38,129,37,111,97,86,103997339,79461545643,14098,1744,1/1/23,
17,5,Illinois,267,1227,267,1147,100,93,691052571,432940262,3665893,176136,1/1/23,
18,5,Indiana,192,8314,192,1546,100,19,2000073040,170505169,872323,10353,1/1/23,
19,7,Iowa,141,1427,135,1121,96,79,115420928,47812529,156924,4782,1/1/23,
20,7,Kansas,61,1318,58,683,95,52,211996235,81079511,123331,5408,1/1/23,
21,4,Kentucky,139,1219,137,1200,99,98,459096213,390672549,3622368,30653,1/1/23,
22,6,Louisiana,244,1008,244,985,100,98,5429619299,14533708856,633427,395958723,1/1/23,
23,1,Maine,74,323,70,190,95,59,79843235,1249041,12659,2385,1/1/23,
24,9,Mariana Islands,2,3,2,2,100,67,616606,0,8,0,1/1/23,
25,3,Maryland,91,365,79,326,87,89,54350104,54598239,218539,11699,1/1/23,
26,1,Massachusetts,118,65,114,56,97,86,165589151,994844142,628075,33288,1/1/23,
27,5,Michigan,193,657,184,347,95,53,898194485,715566331,254763,193638,1/1/23,
28,5,Minnesota,102,539,99,314,97,58,2019664914,342458232,102482,16192,1/1/23,
29,4,Mississippi,91,1055,90,1002,99,95,56244613,191812570,88271,25624,1/1/23,
30,7,Missouri,177,2651,177,1889,100,71,1013936490,3.42664E+11,378767,541243295,1/1/23,
31,8,Montana,32,142,31,126,97,89,75151550,28608128,63479,2356964,1/1/23,
32,7,Nebraska,52,624,51,518,98,83,121412333,2368439894,51689,172370,1/1/23,
33,9,Nevada,15,82,10,68,67,83,717006461,20109111602,21039,22194972,1/1/23,
34,1,New Hampshire,46,22,46,21,100,95,168169591,705593,515601,8300,1/1/23,
35,2,New Jersey,130,335,130,299,100,89,348416179,24780648,127263,3543,1/1/23,
36,6,New Mexico,31,76,31,74,100,97,151712247,11934848,55936988,17295,1/1/23,
37,2,New York,312,1340,308,1059,99,79,958850070,3957191391,1071798,289697,1/1/23,
38,4,North Carolina,223,1151,213,832,96,72,226374307,4049252800,62011,81791,1/1/23,
39,8,North Dakota,23,81,23,78,100,96,155856751,32049412,70430,41790,1/1/23,
40,5,Ohio,284,3003,283,2932,100,98,4058021367,1320970562,101147,80815,1/1/23,
41,6,Oklahoma,106,342,104,340,98,99,2640327078,757110036,222061,13377,1/1/23,
42,10,Oregon,73,269,65,240,89,89,169807080,21645124,41620,15025,1/1/23,
43,3,Pennsylvania,395,7521,390,3502,99,47,7062038041,4547410922,19705877,1497610,1/1/23,
44,2,Puerto Rico,64,135,64,133,100,99,2620385380,14154464,125178,2710,1/1/23,
45,1,Rhode Island,23,46,23,40,100,87,16890723,8406518,73713,1410,1/1/23,
46,4,South Carolina,160,528,156,220,98,42,174386766,4406346,105364,273512,1/1/23,
47,8,South Dakota,23,226,23,199,100,88,25027330,44882225,8468,1533,1/1/23,
48,4,Tennessee,163,890,162,742,99,83,1318243095,75739942,730667,205783,1/1/23,
49,6,Texas,730,2840,693,2127,95,75,13545557885,952270746,1214643,1090427,1/1/23,
50,8,Utah,42,175,40,94,95,54,511121861,171351939,243752,15130,1/1/23,
51,1,Vermont,34,299,33,139,97,46,12314137,28633321,14520,2896,1/1/23,
52,2,Virgin Islands,7,57,7,53,100,93,2351849,1737790537,831,2830,1/1/23,
53,3,Virginia,150,1015,138,898,92,88,406497149,137534814,201029,58650,1/1/23,
54,10,Washington,76,373,51,185,67,50,514244,2154657,182,326,1/1/23,
55,3,West Virginia,86,1906,85,1658,99,87,526823961,4907018705,1026540,3229875,1/1/23,
56,5,Wisconsin,122,1141,120,596,98,52,158587291,178185113,22169,4962,1/1/23,
57,8,Wyoming,24,563,24,485,100,86,50582478,882184479,1440,16989083,1/1/23,
0,4,Alabama,176,1138,175,989,99,87,707955688,942160215,309381,185304,1/1/24,
1,10,Alaska,40,52,38,36,95,69,830036140,7024614,35424,248,1/1/24,
2,9,American Samoa,4,2,3,2,75,100,3717040,32511,88442,6,1/1/24,
3,9,Arizona,73,89,65,87,89,98,643755352,21080986,162420,382,1/1/24,
4,6,Arkansas,115,680,115,675,100,99,521777202,39898096,159140,78904,1/1/24,
5,9,California,225,183,211,163,94,89,3184774468,248713651,2470016,2677886,1/1/24,
6,8,Colorado,123,419,117,263,95,63,427864993,360574876,326270,14964,1/1/24,
7,1,Connecticut,84,66,84,59,100,89,37711771,36868165,789319,290501,1/1/24,
8,3,Delaware,14,32,13,27,93,84,13194213,277768,315549,1058,1/1/24,
9,3,District Of Columbia,4,6,4,4,100,67,8618591,868384,4848,1374,1/1/24,
10,4,Florida,400,251,166,218,42,87,6910137400,189823882,633106,61336,1/1/24,
11,4,Georgia,208,503,204,420,98,83,211382942,44180155,162924,4546,1/1/24,
12,9,Guam,4,8,4,6,100,75,2729050,1890501,852,12383,1/1/24,
13,6,Gulf Of Mexico,,1,,0,,0,,,,,1/1/24,
14,4,Gulf Of Mexico East,,1,,0,,0,,,,,1/1/24,
15,9,Hawaii,18,62,16,23,89,37,42004443,1733025,1907,1512,1/1/24,
16,10,Idaho,38,131,37,112,97,85,117872969,1.56072E+11,13317,1373,1/1/24,
17,5,Illinois,267,1224,267,1147,100,94,701017150,377205619,1467190,99547,1/1/24,
18,5,Indiana,192,6705,192,1541,100,23,1080896674,97186959,523128,21486,1/1/24,
19,7,Iowa,139,1422,136,1123,98,79,126560943,173783770,73109,52377,1/1/24,
20,7,Kansas,61,1317,58,684,95,52,224956133,259464296,51456,4305,1/1/24,
21,4,Kentucky,137,1198,135,1172,99,98,168740480,131543944,3315608,58215,1/1/24,
22,6,Louisiana,244,1002,244,971,100,97,4184328169,11136491084,7209116,101045779,1/1/24,
23,1,Maine,74,323,70,189,95,59,89472533,1156190,11088,2076,1/1/24,
24,9,Mariana Islands,2,3,2,2,100,67,134351,0,0,0,1/1/24,
25,3,Maryland,90,359,78,318,87,89,48709510,48098143,68464785,1022127,1/1/24,
26,1,Massachusetts,86,61,81,52,94,85,167848908,1270047115,1110202,27694,1/1/24,
27,5,Michigan,192,671,182,345,95,51,1146358277,831720792,1205288,333982,1/1/24,
28,5,Minnesota,101,516,98,319,97,62,2707596281,405457015,8774292,14273,1/1/24,
29,4,Mississippi,90,1065,89,989,99,93,56412666,34307538,55332,11622,1/1/24,
30,7,Missouri,177,2629,177,1828,100,70,601938186,6285739293,159007,40637814,1/1/24,
31,8,Montana,32,143,30,126,94,88,86202147,72796395,9755,38154,1/1/24,
32,7,Nebraska,52,622,51,515,98,83,151763451,3377143201,1152572,115995,1/1/24,
33,9,Nevada,15,83,10,68,67,82,683557249,73678139,27739,9844,1/1/24,
34,1,New Hampshire,40,18,40,16,100,89,118948405,856224,36790,23559,1/1/24,
35,2,New Jersey,130,329,130,290,100,88,375967998,20952357,153742,11929,1/1/24,
36,6,New Mexico,31,76,31,74,100,97,159064407,12509764,89452,50386,1/1/24,
37,2,New York,313,1478,309,1057,99,72,959860504,210711702,1222658,2528353,1/1/24,
38,4,North Carolina,223,1139,213,818,96,72,232847093,1518598987,108065,34089,1/1/24,
39,8,North Dakota,23,82,23,78,100,95,117908832,18108968,12050,15925,1/1/24,
40,5,Ohio,284,2978,283,2905,100,98,3785686034,995186082,110243,24033,1/1/24,
41,6,Oklahoma,105,330,103,328,98,99,2738838633,1137280025,164913,15230,1/1/24,
42,10,Oregon,73,268,65,237,89,88,100123897,24664952,47300,16678,1/1/24,
43,3,Pennsylvania,393,7790,389,3488,99,45,2099340992,4372593930,1190146,856407,1/1/24,
44,2,Puerto Rico,62,133,62,131,100,98,2958577272,98421000,118431,11181,1/1/24,
45,1,Rhode Island,23,46,23,39,100,85,18259599,2420150,66465,2052,1/1/24,
46,4,South Carolina,160,570,156,217,98,38,137990908,4179468,6152106,67831,1/1/24,
47,8,South Dakota,23,226,23,198,100,88,23298100,48452094,6534,1382,1/1/24,
48,4,Tennessee,162,877,161,752,99,86,1329689216,76989117,580516,93420,1/1/24,
49,6,Texas,730,2894,690,2141,95,74,13272323993,3407165884,1867123,978573,1/1/24,
50,8,Utah,42,179,40,97,95,54,455307363,74229653,443027,4500,1/1/24,
51,1,Vermont,34,312,33,141,97,45,15338075,1020158,13177,2556,1/1/24,
52,2,Virgin Islands,7,55,7,52,100,95,2651889,26941622,277,970,1/1/24,
53,3,Virginia,150,1004,137,864,91,86,347549969,249509658,108423,8899,1/1/24,
54,10,Washington,76,371,49,171,64,46,659510,1248189,3193,320,1/1/24,
55,3,West Virginia,86,1860,86,1606,100,86,613519828,997121421,80577872,652652,1/1/24,
56,5,Wisconsin,119,1136,118,580,99,51,159364065,30101080,20811,2007,1/1/24,
57,8,Wyoming,24,532,24,445,100,84,25910658,624000960,975,16252248,1/1/24,
0,4,Alabama,176,1117,157,880,89,79,0,0,0,0,1/1/25,
1,10,Alaska,40,53,26,29,65,55,0,0,0,0,1/1/25,
2,9,American Samoa,4,2,3,2,75,100,0,0,0,0,1/1/25,
3,9,Arizona,73,86,59,77,81,90,0,0,0,0,1/1/25,
4,6,Arkansas,115,674,102,591,89,88,0,0,0,0,1/1/25,
5,9,California,224,178,171,108,76,61,0,0,0,0,1/1/25,
6,8,Colorado,122,407,50,69,41,17,0,0,0,0,1/1/25,
7,1,Connecticut,84,66,70,30,83,45,0,0,0,0,1/1/25,
8,3,Delaware,14,28,9,15,64,54,0,0,0,0,1/1/25,
9,3,District Of Columbia,4,5,4,2,100,40,0,0,0,0,1/1/25,
10,4,Florida,399,249,134,194,34,78,0,0,0,0,1/1/25,
11,4,Georgia,206,497,165,305,80,61,0,0,0,0,1/1/25,
12,9,Guam,4,8,3,4,75,50,,0,,0,1/1/25,
13,6,Gulf Of Mexico,,1,,0,,0,,,,,1/1/25,
14,4,Gulf Of Mexico East,,1,,0,,0,,,,,1/1/25,
15,9,Hawaii,17,48,13,19,76,40,0,0,0,0,1/1/25,
16,10,Idaho,38,130,27,89,71,68,0,0,0,0,1/1/25,
17,5,Illinois,267,1196,242,964,91,81,0,0,0,0,1/1/25,
18,5,Indiana,192,5982,186,1382,97,23,0,0,0,0,1/1/25,
19,7,Iowa,137,1415,129,943,94,67,0,0,0,0,1/1/25,
20,7,Kansas,61,1294,53,602,87,47,0,0,0,0,1/1/25,
21,4,Kentucky,137,1146,128,944,93,82,0,0,0,0,1/1/25,
22,6,Louisiana,243,990,180,817,74,83,0,0,0,0,1/1/25,
23,1,Maine,74,317,62,132,84,42,0,0,0,0,1/1/25,
24,9,Mariana Islands,2,3,2,0,100,0,0,,0,,1/1/25,
25,3,Maryland,88,356,70,255,80,72,0,0,0,0,1/1/25,
26,1,Massachusetts,77,59,62,22,81,37,0,0,0,0,1/1/25,
27,5,Michigan,192,670,149,245,78,37,0,0,0,0,1/1/25,
28,5,Minnesota,101,509,79,265,78,52,0,0,0,0,1/1/25,
29,4,Mississippi,90,1050,82,940,91,90,0,0,0,0,1/1/25,
30,7,Missouri,175,2570,147,1328,84,52,0,0,0,0,1/1/25,
31,8,Montana,31,141,21,82,68,58,0,0,0,0,1/1/25,
32,7,Nebraska,52,619,46,466,88,75,0,0,0,0,1/1/25,
33,9,Nevada,15,81,7,31,47,38,0,0,0,0,1/1/25,
34,1,New Hampshire,40,17,32,7,80,41,0,0,0,0,1/1/25,
35,2,New Jersey,128,326,117,144,91,44,0,0,0,0,1/1/25,
36,6,New Mexico,31,74,26,61,84,82,0,0,0,0,1/1/25,
37,2,New York,311,1485,228,908,73,61,0,0,0,0,1/1/25,
38,4,North Carolina,223,1114,183,631,82,57,0,0,0,0,1/1/25,
39,8,North Dakota,23,81,23,73,100,90,0,0,0,0,1/1/25,
40,5,Ohio,284,2934,254,2622,89,89,0,0,0,0,1/1/25,
41,6,Oklahoma,105,327,95,313,90,96,0,0,0,0,1/1/25,
42,10,Oregon,73,266,53,155,73,58,0,0,0,0,1/1/25,
43,3,Pennsylvania,391,7473,326,2674,83,36,0,0,0,0,1/1/25,
44,2,Puerto Rico,62,130,51,121,82,93,0,0,0,0,1/1/25,
45,1,Rhode Island,23,44,21,15,91,34,0,0,0,0,1/1/25,
46,4,South Carolina,160,511,108,86,68,17,0,0,0,0,1/1/25,
47,8,South Dakota,23,221,21,153,91,69,0,0,0,0,1/1/25,
48,4,Tennessee,162,861,153,706,94,82,0,0,0,0,1/1/25,
49,6,Texas,729,2869,616,1906,84,66,0,0,0,0,1/1/25,
50,8,Utah,42,178,40,87,95,49,0,0,0,0,1/1/25,
51,1,Vermont,34,305,31,74,91,24,0,0,0,0,1/1/25,
52,2,Virgin Islands,7,55,1,17,14,31,,0,,0,1/1/25,
53,3,Virginia,149,993,109,680,73,68,0,0,0,0,1/1/25,
54,10,Washington,71,359,41,149,58,42,0,0,0,0,1/1/25,
55,3,West Virginia,86,1838,76,1422,88,77,0,0,0,0,1/1/25,
56,5,Wisconsin,119,1136,88,438,74,39,0,0,0,0,1/1/25,
57,8,Wyoming,24,503,21,347,88,69,0,0,0,0,1/1/25,